gender,confirmed_cases,death_cases,date,date_dt
female,16675658,17453.0,2023-04-20,2023-04-20
male,14364205,16948.0,2023-04-20,2023-04-20
female,16667568,17448.0,2023-04-19,2023-04-19
male,14358201,16944.0,2023-04-19,2023-04-19
female,16658217,17446.0,2023-04-18,2023-04-18
male,14351044,16940.0,2023-04-18,2023-04-18
female,16649767,17441.0,2023-04-17,2023-04-17
male,14344321,16935.0,2023-04-17,2023-04-17
female,16641294,17437.0,2023-04-15,2023-04-15
male,14337660,16931.0,2023-04-15,2023-04-15
female,16634861,17437.0,2023-04-14,2023-04-14
male,14332831,16929.0,2023-04-14,2023-04-14
female,16628154,17434.0,2023-04-13,2023-04-13
male,14327872,16927.0,2023-04-13,2023-04-13
female,16621444,17432.0,2023-04-12,2023-04-12
male,14322986,16924.0,2023-04-12,2023-04-12
female,16613379,17426.0,2023-04-11,2023-04-11
male,14317125,16916.0,2023-04-11,2023-04-11
female,16606292,17423.0,2023-04-10,2023-04-10
male,14311768,16909.0,2023-04-10,2023-04-10
female,16598567,17419.0,2023-04-08,2023-04-08
male,14305935,16903.0,2023-04-08,2023-04-08
female,16592733,17417.0,2023-04-07,2023-04-07
male,14301826,16901.0,2023-04-07,2023-04-07
female,16586566,17415.0,2023-04-06,2023-04-06
male,14297258,16894.0,2023-04-06,2023-04-06
female,16579675,17408.0,2023-04-05,2023-04-05
male,14292065,16888.0,2023-04-05,2023-04-05
female,16571458,17405.0,2023-04-04,2023-04-04
male,14285817,16884.0,2023-04-04,2023-04-04
female,16563894,17401.0,2023-04-03,2023-04-03
male,14280006,16880.0,2023-04-03,2023-04-03
female,16555949,17394.0,2023-04-01,2023-04-01
male,14273878,16876.0,2023-04-01,2023-04-01
female,16550372,17391.0,2023-03-31,2023-03-31
male,14269758,16874.0,2023-03-31,2023-03-31
female,16544455,17384.0,2023-03-30,2023-03-30
male,14265307,16871.0,2023-03-30,2023-03-30
female,16538049,17380.0,2023-03-29,2023-03-29
male,14260674,16865.0,2023-03-29,2023-03-29
female,16530598,17369.0,2023-03-28,2023-03-28
male,14254991,16862.0,2023-03-28,2023-03-28
female,16523860,17365.0,2023-03-27,2023-03-27
male,14249600,16858.0,2023-03-27,2023-03-27
female,16516201,17361.0,2023-03-25,2023-03-25
male,14243694,16856.0,2023-03-25,2023-03-25
female,16510392,17358.0,2023-03-24,2023-03-24
male,14239348,16853.0,2023-03-24,2023-03-24
female,16504636,17350.0,2023-03-23,2023-03-23
male,14234821,16851.0,2023-03-23,2023-03-23
female,16498298,17344.0,2023-03-22,2023-03-22
male,14229759,16843.0,2023-03-22,2023-03-22
female,16490964,17341.0,2023-03-21,2023-03-21
male,14224012,16837.0,2023-03-21,2023-03-21
female,16484399,17336.0,2023-03-20,2023-03-20
male,14218561,16835.0,2023-03-20,2023-03-20
female,16482227,0.0,2023-03-20,2023-03-20
male,14216803,0.0,2023-03-20,2023-03-20
female,16477251,17329.0,2023-03-18,2023-03-18
male,14212972,16830.0,2023-03-18,2023-03-18
female,16472168,17327.0,2023-03-17,2023-03-17
male,14209060,16828.0,2023-03-17,2023-03-17
female,16467065,17326.0,2023-03-16,2023-03-16
male,14205098,16822.0,2023-03-16,2023-03-16
female,16461479,17320.0,2023-03-15,2023-03-15
male,14200750,16811.0,2023-03-15,2023-03-15
female,16454863,17316.0,2023-03-14,2023-03-14
male,14195467,16805.0,2023-03-14,2023-03-14
female,16448579,17311.0,2023-03-13,2023-03-13
male,14190350,16804.0,2023-03-13,2023-03-13
female,16446302,0.0,2023-03-13,2023-03-13
male,14188429,0.0,2023-03-13,2023-03-13
female,16441034,17304.0,2023-03-11,2023-03-11
male,14184355,16792.0,2023-03-11,2023-03-11
female,16435596,17301.0,2023-03-10,2023-03-10
male,14179926,16792.0,2023-03-10,2023-03-10
female,16429804,17298.0,2023-03-09,2023-03-09
male,14175383,16783.0,2023-03-09,2023-03-09
female,16423663,17290.0,2023-03-08,2023-03-08
male,14170634,16771.0,2023-03-08,2023-03-08
female,16416552,17284.0,2023-03-07,2023-03-07
male,14164947,16765.0,2023-03-07,2023-03-07
female,16409789,17280.0,2023-03-06,2023-03-06
male,14159426,16754.0,2023-03-06,2023-03-06
female,16401951,17275.0,2023-03-04,2023-03-04
male,14153151,16745.0,2023-03-04,2023-03-04
female,16395694,17272.0,2023-03-03,2023-03-03
male,14148287,16742.0,2023-03-03,2023-03-03
female,16389821,17267.0,2023-03-02,2023-03-02
male,14143752,16736.0,2023-03-02,2023-03-02
female,16385549,17256.0,2023-03-01,2023-03-01
male,14140463,16732.0,2023-03-01,2023-03-01
female,16378614,17251.0,2023-02-28,2023-02-28
male,14135107,16726.0,2023-02-28,2023-02-28
female,16372637,17245.0,2023-02-27,2023-02-27
male,14130267,16716.0,2023-02-27,2023-02-27
female,16365194,17237.0,2023-02-25,2023-02-25
male,14124472,16703.0,2023-02-25,2023-02-25
female,16359564,17231.0,2023-02-24,2023-02-24
male,14120189,16698.0,2023-02-24,2023-02-24
female,16353892,17219.0,2023-02-23,2023-02-23
male,14115810,16690.0,2023-02-23,2023-02-23
female,16347723,17204.0,2023-02-22,2023-02-22
male,14111134,16683.0,2023-02-22,2023-02-22
female,16340437,17195.0,2023-02-21,2023-02-21
male,14105338,16678.0,2023-02-21,2023-02-21
female,16333898,17192.0,2023-02-20,2023-02-20
male,14099997,16673.0,2023-02-20,2023-02-20
female,16331588,17187.0,2023-02-19,2023-02-19
male,14097983,16669.0,2023-02-19,2023-02-19
female,16325837,17181.0,2023-02-18,2023-02-18
male,14093460,16663.0,2023-02-18,2023-02-18
female,16319849,17176.0,2023-02-17,2023-02-17
male,14088807,16656.0,2023-02-17,2023-02-17
female,16313419,17163.0,2023-02-16,2023-02-16
male,14083801,16641.0,2023-02-16,2023-02-16
female,16306315,17153.0,2023-02-15,2023-02-15
male,14078386,16629.0,2023-02-15,2023-02-15
female,16297984,17146.0,2023-02-14,2023-02-14
male,14071760,16612.0,2023-02-14,2023-02-14
female,16290170,17143.0,2023-02-13,2023-02-13
male,14065203,16604.0,2023-02-13,2023-02-13
female,16287419,17137.0,2023-02-12,2023-02-12
male,14062780,16599.0,2023-02-12,2023-02-12
female,16280659,17124.0,2023-02-11,2023-02-11
male,14057489,16589.0,2023-02-11,2023-02-11
female,16273548,17121.0,2023-02-10,2023-02-10
male,14051935,16576.0,2023-02-10,2023-02-10
female,16266061,17114.0,2023-02-09,2023-02-09
male,14045918,16566.0,2023-02-09,2023-02-09
female,16257844,17099.0,2023-02-08,2023-02-08
male,14039471,16547.0,2023-02-08,2023-02-08
female,16248006,17090.0,2023-02-07,2023-02-07
male,14031375,16534.0,2023-02-07,2023-02-07
female,16239325,17085.0,2023-02-06,2023-02-06
male,14023936,16529.0,2023-02-06,2023-02-06
female,16236218,17080.0,2023-02-05,2023-02-05
male,14021193,16516.0,2023-02-05,2023-02-05
female,16228431,17072.0,2023-02-04,2023-02-04
male,14014962,16502.0,2023-02-04,2023-02-04
female,16220564,17061.0,2023-02-03,2023-02-03
male,14008325,16491.0,2023-02-03,2023-02-03
female,16212356,17048.0,2023-02-02,2023-02-02
male,14001572,16474.0,2023-02-02,2023-02-02
female,16203195,17031.0,2023-02-01,2023-02-01
male,13993871,16455.0,2023-02-01,2023-02-01
female,16192149,17014.0,2023-01-31,2023-01-31
male,13984497,16430.0,2023-01-31,2023-01-31
female,16181686,17004.0,2023-01-30,2023-01-30
male,13975331,16416.0,2023-01-30,2023-01-30
female,16177750,16990.0,2023-01-29,2023-01-29
male,13971851,16400.0,2023-01-29,2023-01-29
female,16167225,16981.0,2023-01-28,2023-01-28
male,13963505,16380.0,2023-01-28,2023-01-28
female,16154143,16967.0,2023-01-27,2023-01-27
male,13953220,16365.0,2023-01-27,2023-01-27
female,16136454,16947.0,2023-01-26,2023-01-26
male,13939198,16349.0,2023-01-26,2023-01-26
female,16116805,16939.0,2023-01-25,2023-01-25
male,13923751,16331.0,2023-01-25,2023-01-25
female,16105947,16927.0,2023-01-24,2023-01-24
male,13915071,16318.0,2023-01-24,2023-01-24
female,16099372,16923.0,2023-01-23,2023-01-23
male,13909384,16312.0,2023-01-23,2023-01-23
female,16094557,16910.0,2023-01-22,2023-01-22
male,13904972,16299.0,2023-01-22,2023-01-22
female,16085393,16900.0,2023-01-21,2023-01-21
male,13897512,16285.0,2023-01-21,2023-01-21
female,16069844,16873.0,2023-01-20,2023-01-20
male,13885522,16261.0,2023-01-20,2023-01-20
female,16054424,16855.0,2023-01-19,2023-01-19
male,13873534,16249.0,2023-01-19,2023-01-19
female,16037751,16840.0,2023-01-18,2023-01-18
male,13860391,16217.0,2023-01-18,2023-01-18
female,16017046,16824.0,2023-01-17,2023-01-17
male,13844188,16190.0,2023-01-17,2023-01-17
female,15994771,16813.0,2023-01-16,2023-01-16
male,13826264,16171.0,2023-01-16,2023-01-16
female,15987072,16795.0,2023-01-15,2023-01-15
male,13819819,16154.0,2023-01-15,2023-01-15
female,15968727,16781.0,2023-01-14,2023-01-14
male,13805594,16131.0,2023-01-14,2023-01-14
female,15968727,16781.0,2023-01-14,2023-01-14
male,13805594,16131.0,2023-01-14,2023-01-14
female,15948584,16764.0,2023-01-13,2023-01-13
male,13789185,16103.0,2023-01-13,2023-01-13
female,15926351,16739.0,2023-01-12,2023-01-12
male,13771692,16082.0,2023-01-12,2023-01-12
female,15901770,16703.0,2023-01-11,2023-01-11
male,13752320,16042.0,2023-01-11,2023-01-11
female,15871678,16655.0,2023-01-10,2023-01-10
male,13728069,16014.0,2023-01-10,2023-01-10
female,15838740,16632.0,2023-01-09,2023-01-09
male,13700966,15993.0,2023-01-09,2023-01-09
female,15828599,16616.0,2023-01-08,2023-01-08
male,13692001,15974.0,2023-01-08,2023-01-08
female,15802574,16594.0,2023-01-07,2023-01-07
male,13671260,15962.0,2023-01-07,2023-01-07
female,15772525,16562.0,2023-01-06,2023-01-06
male,13647701,15934.0,2023-01-06,2023-01-06
female,15740498,16534.0,2023-01-05,2023-01-05
male,13622774,15887.0,2023-01-05,2023-01-05
female,15704548,16504.0,2023-01-04,2023-01-04
male,13594618,15851.0,2023-01-04,2023-01-04
female,15660950,16472.0,2023-01-03,2023-01-03
male,13559641,15829.0,2023-01-03,2023-01-03
female,15616511,16456.0,2023-01-02,2023-01-02
male,13523024,15816.0,2023-01-02,2023-01-02
female,15604371,16428.0,2023-01-01,2023-01-01
male,13512429,15791.0,2023-01-01,2023-01-01
female,15572296,16397.0,2022-12-31,2022-12-31
male,13486977,15759.0,2022-12-31,2022-12-31
female,15536838,16364.0,2022-12-30,2022-12-30
male,13459509,15731.0,2022-12-30,2022-12-30
female,15499865,16342.0,2022-12-29,2022-12-29
male,13431275,15685.0,2022-12-29,2022-12-29
female,15459709,16304.0,2022-12-28,2022-12-28
male,13400004,15647.0,2022-12-28,2022-12-28
female,15410586,16271.0,2022-12-27,2022-12-27
male,13361610,15611.0,2022-12-27,2022-12-27
female,15362320,16254.0,2022-12-26,2022-12-26
male,13322280,15578.0,2022-12-26,2022-12-26
female,15348613,16236.0,2022-12-25,2022-12-25
male,13310442,15554.0,2022-12-25,2022-12-25
female,15316094,16210.0,2022-12-24,2022-12-24
male,13284513,15534.0,2022-12-24,2022-12-24
female,15279131,16179.0,2022-12-23,2022-12-23
male,13255427,15495.0,2022-12-23,2022-12-23
female,15241342,16149.0,2022-12-22,2022-12-22
male,13225048,15462.0,2022-12-22,2022-12-22
female,15199489,16119.0,2022-12-21,2022-12-21
male,13191157,15430.0,2022-12-21,2022-12-21
female,15150811,16086.0,2022-12-20,2022-12-20
male,13151663,15404.0,2022-12-20,2022-12-20
female,15103457,16058.0,2022-12-19,2022-12-19
male,13111458,15376.0,2022-12-19,2022-12-19
female,15089268,16044.0,2022-12-18,2022-12-18
male,13099025,15351.0,2022-12-18,2022-12-18
female,15056390,16023.0,2022-12-17,2022-12-17
male,13073041,15330.0,2022-12-17,2022-12-17
female,15019433,15992.0,2022-12-16,2022-12-16
male,13043246,15306.0,2022-12-16,2022-12-16
female,14981904,15955.0,2022-12-15,2022-12-15
male,13013822,15277.0,2022-12-15,2022-12-15
female,14942710,15932.0,2022-12-14,2022-12-14
male,12982862,15242.0,2022-12-14,2022-12-14
female,14895812,15905.0,2022-12-13,2022-12-13
male,12945189,15223.0,2022-12-13,2022-12-13
female,14848418,15890.0,2022-12-12,2022-12-12
male,12905731,15209.0,2022-12-12,2022-12-12
female,14834568,15872.0,2022-12-11,2022-12-11
male,12893914,15197.0,2022-12-11,2022-12-11
female,14804058,15852.0,2022-12-10,2022-12-10
male,12870105,15177.0,2022-12-10,2022-12-10
female,14769321,15826.0,2022-12-09,2022-12-09
male,12842234,15149.0,2022-12-09,2022-12-09
female,14734365,15794.0,2022-12-08,2022-12-08
male,12814456,15114.0,2022-12-08,2022-12-08
female,14698254,15767.0,2022-12-07,2022-12-07
male,12785314,15080.0,2022-12-07,2022-12-07
female,14656955,15734.0,2022-12-06,2022-12-06
male,12751899,15059.0,2022-12-06,2022-12-06
female,14614993,15724.0,2022-12-05,2022-12-05
male,12716257,15045.0,2022-12-05,2022-12-05
female,14602366,15706.0,2022-12-04,2022-12-04
male,12705724,15023.0,2022-12-04,2022-12-04
female,14576181,15685.0,2022-12-03,2022-12-03
male,12685345,14984.0,2022-12-03,2022-12-03
female,14546798,15666.0,2022-12-02,2022-12-02
male,12662002,14955.0,2022-12-02,2022-12-02
female,14517102,15638.0,2022-12-01,2022-12-01
male,12638711,14930.0,2022-12-01,2022-12-01
female,14484987,15605.0,2022-11-30,2022-11-30
male,12613747,14901.0,2022-11-30,2022-11-30
female,14447400,15581.0,2022-11-29,2022-11-29
male,12583919,14873.0,2022-11-29,2022-11-29
female,14407756,15560.0,2022-11-28,2022-11-28
male,12552087,14853.0,2022-11-28,2022-11-28
female,14395689,15537.0,2022-11-27,2022-11-27
male,12541827,14832.0,2022-11-27,2022-11-27
female,14369626,15516.0,2022-11-26,2022-11-26
male,12520862,14814.0,2022-11-26,2022-11-26
female,14340045,15483.0,2022-11-25,2022-11-25
male,12497795,14795.0,2022-11-25,2022-11-25
female,14309855,15456.0,2022-11-24,2022-11-24
male,12474287,14767.0,2022-11-24,2022-11-24
female,14276716,15426.0,2022-11-23,2022-11-23
male,12448337,14738.0,2022-11-23,2022-11-23
female,14237515,15395.0,2022-11-22,2022-11-22
male,12417214,14716.0,2022-11-22,2022-11-22
female,14196833,15371.0,2022-11-21,2022-11-21
male,12385023,14695.0,2022-11-21,2022-11-21
female,14184296,15350.0,2022-11-20,2022-11-20
male,12374469,14681.0,2022-11-20,2022-11-20
female,14158467,15329.0,2022-11-19,2022-11-19
male,12354287,14661.0,2022-11-19,2022-11-19
female,14130116,15293.0,2022-11-18,2022-11-18
male,12332203,14632.0,2022-11-18,2022-11-18
female,14102217,15257.0,2022-11-17,2022-11-17
male,12310684,14605.0,2022-11-17,2022-11-17
female,14070794,15220.0,2022-11-16,2022-11-16
male,12286670,14575.0,2022-11-16,2022-11-16
female,14033249,15194.0,2022-11-15,2022-11-15
male,12257628,14554.0,2022-11-15,2022-11-15
female,13992715,15171.0,2022-11-14,2022-11-14
male,12225279,14538.0,2022-11-14,2022-11-14
female,13979655,15145.0,2022-11-13,2022-11-13
male,12214574,14520.0,2022-11-13,2022-11-13
female,13952482,15117.0,2022-11-12,2022-11-12
male,12193282,14500.0,2022-11-12,2022-11-12
female,13921806,15096.0,2022-11-11,2022-11-11
male,12169733,14475.0,2022-11-11,2022-11-11
female,13891487,15081.0,2022-11-10,2022-11-10
male,12145533,14450.0,2022-11-10,2022-11-10
female,13860226,15047.0,2022-11-09,2022-11-09
male,12121429,14432.0,2022-11-09,2022-11-09
female,13825208,15013.0,2022-11-08,2022-11-08
male,12093975,14407.0,2022-11-08,2022-11-08
female,13790766,14999.0,2022-11-07,2022-11-07
male,12066144,14391.0,2022-11-07,2022-11-07
female,13780523,14991.0,2022-11-06,2022-11-06
male,12057716,14381.0,2022-11-06,2022-11-06
female,13760015,14982.0,2022-11-05,2022-11-05
male,12041549,14372.0,2022-11-05,2022-11-05
female,13737129,14960.0,2022-11-04,2022-11-04
male,12023572,14355.0,2022-11-04,2022-11-04
female,13712681,14943.0,2022-11-03,2022-11-03
male,12004596,14337.0,2022-11-03,2022-11-03
female,13686059,14917.0,2022-11-02,2022-11-02
male,11984348,14322.0,2022-11-02,2022-11-02
female,13686059,14917.0,2022-11-02,2022-11-02
male,11984348,14322.0,2022-11-02,2022-11-02
female,13655110,14899.0,2022-11-01,2022-11-01
male,11960557,14310.0,2022-11-01,2022-11-01
female,13622571,14883.0,2022-10-31,2022-10-31
male,11934738,14293.0,2022-10-31,2022-10-31
female,13612532,14876.0,2022-10-31,2022-10-31
male,11926267,14282.0,2022-10-31,2022-10-31
female,13612532,14876.0,2022-10-30,2022-10-30
male,11926267,14282.0,2022-10-30,2022-10-30
female,13593229,14862.0,2022-10-29,2022-10-29
male,11911059,14269.0,2022-10-29,2022-10-29
female,13572297,14847.0,2022-10-28,2022-10-28
male,11894695,14253.0,2022-10-28,2022-10-28
female,13551868,14833.0,2022-10-27,2022-10-27
male,11879237,14236.0,2022-10-27,2022-10-27
female,13532034,14820.0,2022-10-26,2022-10-26
male,11864121,14223.0,2022-10-26,2022-10-26
female,13508952,14807.0,2022-10-25,2022-10-25
male,11846398,14210.0,2022-10-25,2022-10-25
female,13484515,14803.0,2022-10-24,2022-10-24
male,11827121,14197.0,2022-10-24,2022-10-24
female,13476722,14799.0,2022-10-23,2022-10-23
male,11820612,14191.0,2022-10-23,2022-10-23
female,13462106,14793.0,2022-10-22,2022-10-22
male,11808972,14181.0,2022-10-22,2022-10-22
female,13446979,14780.0,2022-10-21,2022-10-21
male,11797276,14172.0,2022-10-21,2022-10-21
female,13433044,14768.0,2022-10-20,2022-10-20
male,11786502,14154.0,2022-10-20,2022-10-20
female,13418704,14755.0,2022-10-19,2022-10-19
male,11775473,14144.0,2022-10-19,2022-10-19
female,13402367,14735.0,2022-10-18,2022-10-18
male,11762328,14121.0,2022-10-18,2022-10-18
female,13383930,14729.0,2022-10-17,2022-10-17
male,11747575,14122.0,2022-10-17,2022-10-17
female,13378119,14723.0,2022-10-16,2022-10-16
male,11742346,14117.0,2022-10-16,2022-10-16
female,13366041,14707.0,2022-10-15,2022-10-15
male,11732955,14101.0,2022-10-15,2022-10-15
female,13353375,14696.0,2022-10-14,2022-10-14
male,11722864,14087.0,2022-10-14,2022-10-14
female,13340346,14673.0,2022-10-13,2022-10-13
male,11712331,14075.0,2022-10-13,2022-10-13
female,13325280,14661.0,2022-10-12,2022-10-12
male,11700469,14062.0,2022-10-12,2022-10-12
female,13308229,14657.0,2022-10-11,2022-10-11
male,11687017,14051.0,2022-10-11,2022-10-11
female,13299731,14653.0,2022-10-10,2022-10-10
male,11680039,14045.0,2022-10-10,2022-10-10
female,13294823,14640.0,2022-10-09,2022-10-09
male,11675966,14035.0,2022-10-09,2022-10-09
female,13285027,14625.0,2022-10-08,2022-10-08
male,11668108,14021.0,2022-10-08,2022-10-08
female,13274287,14614.0,2022-10-07,2022-10-07
male,11659469,14000.0,2022-10-07,2022-10-07
female,13261901,14595.0,2022-10-06,2022-10-06
male,11649596,13978.0,2022-10-06,2022-10-06
female,13245938,14587.0,2022-10-05,2022-10-05
male,11636956,13957.0,2022-10-05,2022-10-05
female,13226871,14580.0,2022-10-04,2022-10-04
male,11621313,13948.0,2022-10-04,2022-10-04
female,13183792,14511.0,2022-09-30,2022-09-30
male,11585309,13895.0,2022-09-30,2022-09-30
male,11572341,13870.0,2022-09-29,2022-09-29
female,13151418,14468.0,2022-09-28,2022-09-28
male,11558371,13850.0,2022-09-28,2022-09-28
female,13131882,14450.0,2022-09-27,2022-09-27
male,11541781,13822.0,2022-09-27,2022-09-27
female,13073010,14347.0,2022-09-23,2022-09-23
male,11492011,13730.0,2022-09-23,2022-09-23
female,13057159,14308.0,2022-09-22,2022-09-22
male,11478781,13701.0,2022-09-22,2022-09-22
female,13039165,14277.0,2022-09-21,2022-09-21
male,11463803,13673.0,2022-09-21,2022-09-21
female,13016849,14246.0,2022-09-20,2022-09-20
male,11444888,13645.0,2022-09-20,2022-09-20
female,12991237,14235.0,2022-09-19,2022-09-19
male,11422636,13632.0,2022-09-19,2022-09-19
female,12981157,14207.0,2022-09-18,2022-09-18
male,11413309,13621.0,2022-09-18,2022-09-18
female,12962638,14191.0,2022-09-17,2022-09-17
male,11397064,13591.0,2022-09-17,2022-09-17
female,12939352,14158.0,2022-09-16,2022-09-16
male,11376950,13567.0,2022-09-16,2022-09-16
female,12911382,14128.0,2022-09-15,2022-09-15
male,11353088,13537.0,2022-09-15,2022-09-15
female,12872596,14093.0,2022-09-14,2022-09-14
male,11320442,13500.0,2022-09-14,2022-09-14
female,12821228,14071.0,2022-09-13,2022-09-13
male,11277906,13462.0,2022-09-13,2022-09-13
female,12790118,14051.0,2022-09-12,2022-09-12
male,11251707,13447.0,2022-09-12,2022-09-12
female,12770463,14044.0,2022-09-11,2022-09-11
male,11234424,13432.0,2022-09-11,2022-09-11
female,12755688,14018.0,2022-09-10,2022-09-10
male,11220985,13411.0,2022-09-10,2022-09-10
female,12732921,13990.0,2022-09-09,2022-09-09
male,11201028,13391.0,2022-09-09,2022-09-09
female,12694766,13958.0,2022-09-08,2022-09-08
male,11169794,13355.0,2022-09-08,2022-09-08
female,12654582,13931.0,2022-09-07,2022-09-07
male,11137379,13318.0,2022-09-07,2022-09-07
female,12607743,13904.0,2022-09-06,2022-09-06
male,11098734,13289.0,2022-09-06,2022-09-06
female,12553824,13878.0,2022-09-05,2022-09-05
male,11052916,13271.0,2022-09-05,2022-09-05
female,12534044,13846.0,2022-09-04,2022-09-04
male,11035148,13247.0,2022-09-04,2022-09-04
female,12534044,13846.0,2022-09-04,2022-09-04
male,11035148,13247.0,2022-09-04,2022-09-04
female,12494844,13808.0,2022-09-03,2022-09-03
male,11002204,13206.0,2022-09-03,2022-09-03
female,12452049,13771.0,2022-09-02,2022-09-02
male,10965376,13169.0,2022-09-02,2022-09-02
female,12403427,13740.0,2022-09-01,2022-09-01
male,10924470,13136.0,2022-09-01,2022-09-01
female,12359202,13688.0,2022-08-31,2022-08-31
male,10887196,13076.0,2022-08-31,2022-08-31
female,12303215,13651.0,2022-08-30,2022-08-30
male,10839264,13038.0,2022-08-30,2022-08-30
female,12240992,13615.0,2022-08-29,2022-08-29
male,10785968,13003.0,2022-08-29,2022-08-29
female,12218365,13592.0,2022-08-28,2022-08-28
male,10765453,12977.0,2022-08-28,2022-08-28
female,12172284,13554.0,2022-08-27,2022-08-27
male,10726239,12945.0,2022-08-27,2022-08-27
female,12121065,13515.0,2022-08-26,2022-08-26
male,10681920,12898.0,2022-08-26,2022-08-26
female,12066443,13480.0,2022-08-25,2022-08-25
male,10635478,12852.0,2022-08-25,2022-08-25
female,12005391,13425.0,2022-08-24,2022-08-24
male,10583249,12799.0,2022-08-24,2022-08-24
female,11930664,13399.0,2022-08-23,2022-08-23
male,10518811,12762.0,2022-08-23,2022-08-23
female,11849485,13372.0,2022-08-22,2022-08-22
male,10449892,12737.0,2022-08-22,2022-08-22
female,11818407,13340.0,2022-08-21,2022-08-21
male,10421924,12704.0,2022-08-21,2022-08-21
female,11758562,13305.0,2022-08-20,2022-08-20
male,10370825,12675.0,2022-08-20,2022-08-20
female,11688364,13262.0,2022-08-19,2022-08-19
male,10311673,12634.0,2022-08-19,2022-08-19
female,11613283,13216.0,2022-08-18,2022-08-18
male,10248013,12597.0,2022-08-18,2022-08-18
female,11516309,13186.0,2022-08-17,2022-08-17
male,10166507,12566.0,2022-08-17,2022-08-17
female,11418106,13170.0,2022-08-16,2022-08-16
male,10084058,12540.0,2022-08-16,2022-08-16
female,11373667,13156.0,2022-08-15,2022-08-15
male,10044369,12517.0,2022-08-15,2022-08-15
female,11340968,13135.0,2022-08-14,2022-08-14
male,10014990,12488.0,2022-08-14,2022-08-14
female,11276185,13105.0,2022-08-13,2022-08-13
male,9960170,12461.0,2022-08-13,2022-08-13
female,11208758,13076.0,2022-08-12,2022-08-12
male,9903082,12423.0,2022-08-12,2022-08-12
female,11139116,13042.0,2022-08-11,2022-08-11
male,9844053,12399.0,2022-08-11,2022-08-11
female,11064381,13018.0,2022-08-10,2022-08-10
male,9781592,12364.0,2022-08-10,2022-08-10
female,10982571,12993.0,2022-08-09,2022-08-09
male,9711668,12339.0,2022-08-09,2022-08-09
female,10902161,12975.0,2022-08-08,2022-08-08
male,9642259,12317.0,2022-08-08,2022-08-08
female,10873408,12959.0,2022-08-07,2022-08-07
male,9615720,12304.0,2022-08-07,2022-08-07
female,10816417,12949.0,2022-08-06,2022-08-06
male,9567204,12287.0,2022-08-06,2022-08-06
female,10756965,12925.0,2022-08-05,2022-08-05
male,9516046,12266.0,2022-08-05,2022-08-05
female,10695921,12901.0,2022-08-04,2022-08-04
male,9464233,12243.0,2022-08-04,2022-08-04
female,10637389,12879.0,2022-08-03,2022-08-03
male,9414916,12231.0,2022-08-03,2022-08-03
female,10572262,12865.0,2022-08-02,2022-08-02
male,9360177,12219.0,2022-08-02,2022-08-02
female,10488030,12846.0,2022-07-31,2022-07-31
male,9288020,12201.0,2022-07-31,2022-07-31
female,10448179,12841.0,2022-07-30,2022-07-30
male,9254282,12186.0,2022-07-30,2022-07-30
female,10404064,12821.0,2022-07-29,2022-07-29
male,9216453,12171.0,2022-07-29,2022-07-29
female,10357659,12800.0,2022-07-28,2022-07-28
male,9177583,12157.0,2022-07-28,2022-07-28
female,10309721,12789.0,2022-07-27,2022-07-27
male,9137225,12143.0,2022-07-27,2022-07-27
female,10255882,12779.0,2022-07-26,2022-07-26
male,9090882,12128.0,2022-07-26,2022-07-26
female,10202177,12770.0,2022-07-25,2022-07-25
male,9045319,12120.0,2022-07-25,2022-07-25
female,10183472,12759.0,2022-07-24,2022-07-24
male,9028141,12114.0,2022-07-24,2022-07-24
female,10148174,12750.0,2022-07-23,2022-07-23
male,8998006,12105.0,2022-07-23,2022-07-23
female,10111290,12731.0,2022-07-22,2022-07-22
male,8966369,12094.0,2022-07-22,2022-07-22
female,10074267,12714.0,2022-07-21,2022-07-21
male,8934813,12080.0,2022-07-21,2022-07-21
female,10035179,12705.0,2022-07-20,2022-07-20
male,8902792,12072.0,2022-07-20,2022-07-20
female,9994292,12696.0,2022-07-19,2022-07-19
male,8867301,12069.0,2022-07-19,2022-07-19
female,9955179,12688.0,2022-07-18,2022-07-18
male,8832877,12065.0,2022-07-18,2022-07-18
female,9941545,12683.0,2022-07-17,2022-07-17
male,8820212,12059.0,2022-07-17,2022-07-17
female,9920127,12678.0,2022-07-16,2022-07-16
male,8801288,12050.0,2022-07-16,2022-07-16
female,9898050,12670.0,2022-07-15,2022-07-15
male,8782092,12042.0,2022-07-15,2022-07-15
female,9877191,12663.0,2022-07-14,2022-07-14
male,8764087,12033.0,2022-07-14,2022-07-14
female,9856137,12657.0,2022-07-13,2022-07-13
male,8745972,12023.0,2022-07-13,2022-07-13
female,9834737,12648.0,2022-07-12,2022-07-12
male,8727124,12020.0,2022-07-12,2022-07-12
female,9814638,12644.0,2022-07-11,2022-07-11
male,8709900,12017.0,2022-07-11,2022-07-11
female,9808044,12632.0,2022-07-10,2022-07-10
male,8703801,12011.0,2022-07-10,2022-07-10
female,9797149,12620.0,2022-07-09,2022-07-09
male,8694286,12004.0,2022-07-09,2022-07-09
female,9786457,12610.0,2022-07-08,2022-07-08
male,8684715,11995.0,2022-07-08,2022-07-08
female,9776209,12603.0,2022-07-07,2022-07-07
male,8675653,11990.0,2022-07-07,2022-07-07
female,9766347,12598.0,2022-07-06,2022-07-06
male,8667012,11985.0,2022-07-06,2022-07-06
female,9756159,12596.0,2022-07-05,2022-07-05
male,8657838,11980.0,2022-07-05,2022-07-05
female,9746453,12595.0,2022-07-04,2022-07-04
male,8649411,11979.0,2022-07-04,2022-07-04
female,9743238,12593.0,2022-07-03,2022-07-03
male,8646373,11977.0,2022-07-03,2022-07-03
female,9732168,12588.0,2022-07-01,2022-07-01
male,8636689,11967.0,2022-07-01,2022-07-01
female,9726926,12586.0,2022-06-30,2022-06-30
male,8632415,11961.0,2022-06-30,2022-06-30
female,9721735,12581.0,2022-06-29,2022-06-29
male,8628021,11956.0,2022-06-29,2022-06-29
female,9716306,12578.0,2022-06-28,2022-06-28
male,8623013,11952.0,2022-06-28,2022-06-28
female,9711135,12575.0,2022-06-27,2022-06-27
male,8618313,11950.0,2022-06-27,2022-06-27
female,9709463,12574.0,2022-06-26,2022-06-26
male,8616556,11948.0,2022-06-26,2022-06-26
female,9706193,12571.0,2022-06-25,2022-06-25
male,8613580,11945.0,2022-06-25,2022-06-25
female,9702601,12564.0,2022-06-24,2022-06-24
male,8610392,11934.0,2022-06-24,2022-06-24
female,9698867,12559.0,2022-06-23,2022-06-23
male,8606916,11929.0,2022-06-23,2022-06-23
female,9694902,12551.0,2022-06-22,2022-06-22
male,8603439,11923.0,2022-06-22,2022-06-22
female,9690253,12547.0,2022-06-21,2022-06-21
male,8599120,11916.0,2022-06-21,2022-06-21
female,9685509,12541.0,2022-06-20,2022-06-20
male,8594581,11910.0,2022-06-20,2022-06-20
female,9683754,12535.0,2022-06-19,2022-06-19
male,8592798,11906.0,2022-06-19,2022-06-19
female,9680657,12528.0,2022-06-18,2022-06-18
male,8589824,11899.0,2022-06-18,2022-06-18
female,9677099,12522.0,2022-06-17,2022-06-17
male,8586544,11894.0,2022-06-17,2022-06-17
female,9673448,12519.0,2022-06-16,2022-06-16
male,8583009,11888.0,2022-06-16,2022-06-16
female,9669468,12514.0,2022-06-15,2022-06-15
male,8579011,11885.0,2022-06-15,2022-06-15
female,9664724,12508.0,2022-06-14,2022-06-14
male,8574332,11882.0,2022-06-14,2022-06-14
female,9659839,12508.0,2022-06-13,2022-06-13
male,8569449,11880.0,2022-06-13,2022-06-13
female,9657968,12502.0,2022-06-12,2022-06-12
male,8567492,11869.0,2022-06-12,2022-06-12
female,9654169,12495.0,2022-06-11,2022-06-11
male,8563909,11856.0,2022-06-11,2022-06-11
female,9649806,12489.0,2022-06-10,2022-06-10
male,8559844,11852.0,2022-06-10,2022-06-10
female,9645019,12484.0,2022-06-09,2022-06-09
male,8555327,11839.0,2022-06-09,2022-06-09
female,9638973,12474.0,2022-06-08,2022-06-08
male,8549227,11831.0,2022-06-08,2022-06-08
female,9632033,12472.0,2022-06-07,2022-06-07
male,8542847,11827.0,2022-06-07,2022-06-07
female,9628946,12461.0,2022-06-06,2022-06-06
male,8539762,11818.0,2022-06-06,2022-06-06
female,9626465,12447.0,2022-06-05,2022-06-05
male,8537221,11811.0,2022-06-05,2022-06-05
female,9621265,12439.0,2022-06-04,2022-06-04
male,8532586,11799.0,2022-06-04,2022-06-04
female,9614899,12432.0,2022-06-03,2022-06-03
male,8526936,11797.0,2022-06-03,2022-06-03
female,9608313,12426.0,2022-06-02,2022-06-02
male,8521000,11786.0,2022-06-02,2022-06-02
female,9603077,12415.0,2022-06-01,2022-06-01
male,8516338,11782.0,2022-06-01,2022-06-01
female,9594889,12403.0,2022-05-31,2022-05-31
male,8508749,11773.0,2022-05-31,2022-05-31
female,9585827,12400.0,2022-05-30,2022-05-30
male,8500635,11767.0,2022-05-30,2022-05-30
female,9582647,12396.0,2022-05-29,2022-05-29
male,8497676,11762.0,2022-05-29,2022-05-29
female,9575994,12385.0,2022-05-28,2022-05-28
male,8491675,11754.0,2022-05-28,2022-05-28
female,9568473,12367.0,2022-05-27,2022-05-27
male,8484814,11736.0,2022-05-27,2022-05-27
female,9559810,12356.0,2022-05-26,2022-05-26
male,8476910,11707.0,2022-05-26,2022-05-26
female,9549902,12339.0,2022-05-25,2022-05-25
male,8468021,11690.0,2022-05-25,2022-05-25
female,9537380,12326.0,2022-05-24,2022-05-24
male,8456605,11680.0,2022-05-24,2022-05-24
female,9523344,12321.0,2022-05-23,2022-05-23
male,8444328,11666.0,2022-05-23,2022-05-23
female,9518286,12305.0,2022-05-22,2022-05-22
male,8439411,11660.0,2022-05-22,2022-05-22
female,9508058,12279.0,2022-05-21,2022-05-21
male,8430341,11632.0,2022-05-21,2022-05-21
female,9495603,12267.0,2022-05-20,2022-05-20
male,8419354,11618.0,2022-05-20,2022-05-20
female,9482201,12243.0,2022-05-19,2022-05-19
male,8407648,11599.0,2022-05-19,2022-05-19
female,9467030,12223.0,2022-05-18,2022-05-18
male,8394714,11579.0,2022-05-18,2022-05-18
female,9450219,12211.0,2022-05-17,2022-05-17
male,8380210,11560.0,2022-05-17,2022-05-17
female,9431572,12198.0,2022-05-16,2022-05-16
male,8363785,11546.0,2022-05-16,2022-05-16
female,9424695,12176.0,2022-05-15,2022-05-15
male,8357366,11533.0,2022-05-15,2022-05-15
female,9410694,12156.0,2022-05-14,2022-05-14
male,8345933,11505.0,2022-05-14,2022-05-14
female,9394623,12124.0,2022-05-13,2022-05-13
male,8332463,11482.0,2022-05-13,2022-05-13
female,9376950,12099.0,2022-05-12,2022-05-12
male,8317727,11455.0,2022-05-12,2022-05-12
female,9357385,12067.0,2022-05-11,2022-05-11
male,8301409,11424.0,2022-05-11,2022-05-11
female,9333377,12051.0,2022-05-10,2022-05-10
male,8281518,11411.0,2022-05-10,2022-05-10
female,9306378,12019.0,2022-05-09,2022-05-09
male,8258621,11381.0,2022-05-09,2022-05-09
female,9295483,11995.0,2022-05-08,2022-05-08
male,8248915,11365.0,2022-05-08,2022-05-08
female,9273625,11958.0,2022-05-07,2022-05-07
male,8230709,11331.0,2022-05-07,2022-05-07
female,9251684,11919.0,2022-05-06,2022-05-06
male,8213098,11287.0,2022-05-06,2022-05-06
female,9237134,11896.0,2022-05-05,2022-05-05
male,8200934,11262.0,2022-05-05,2022-05-05
female,9213579,11863.0,2022-05-04,2022-05-04
male,8182212,11216.0,2022-05-04,2022-05-04
female,9186776,11830.0,2022-05-03,2022-05-03
male,8159977,11177.0,2022-05-03,2022-05-03
female,9159567,11808.0,2022-05-02,2022-05-02
male,8136166,11150.0,2022-05-02,2022-05-02
female,9149093,11764.0,2022-05-01,2022-05-01
male,8126556,11111.0,2022-05-01,2022-05-01
female,9128618,11728.0,2022-04-30,2022-04-30
male,8109260,11066.0,2022-04-30,2022-04-30
female,9105088,11693.0,2022-04-29,2022-04-29
male,8089528,11031.0,2022-04-29,2022-04-29
female,9077763,11627.0,2022-04-28,2022-04-28
male,8066302,10961.0,2022-04-28,2022-04-28
female,9046477,11565.0,2022-04-27,2022-04-27
male,8040149,10901.0,2022-04-27,2022-04-27
female,9004844,11493.0,2022-04-26,2022-04-26
male,8005021,10832.0,2022-04-26,2022-04-26
female,8961439,11454.0,2022-04-25,2022-04-25
male,7968125,10789.0,2022-04-25,2022-04-25
female,8943265,11395.0,2022-04-24,2022-04-24
male,7951929,10738.0,2022-04-24,2022-04-24
female,8907875,11338.0,2022-04-23,2022-04-23
male,7922594,10686.0,2022-04-23,2022-04-23
female,8866879,11267.0,2022-04-22,2022-04-22
male,7888176,10606.0,2022-04-22,2022-04-22
female,8822452,11172.0,2022-04-21,2022-04-21
male,7851593,10495.0,2022-04-21,2022-04-21
female,8772869,11101.0,2022-04-20,2022-04-20
male,7810351,10419.0,2022-04-20,2022-04-20
female,8712890,11019.0,2022-04-19,2022-04-19
male,7759050,10335.0,2022-04-19,2022-04-19
female,8649452,10950.0,2022-04-18,2022-04-18
male,7704043,10274.0,2022-04-18,2022-04-18
female,8624030,10891.0,2022-04-17,2022-04-17
male,7681722,10201.0,2022-04-17,2022-04-17
female,8572753,10782.0,2022-04-16,2022-04-16
male,7639998,10107.0,2022-04-16,2022-04-16
female,8513728,10629.0,2022-04-15,2022-04-15
male,7591141,9987.0,2022-04-15,2022-04-15
female,8445264,10487.0,2022-04-14,2022-04-14
male,7533797,9865.0,2022-04-14,2022-04-14
female,8364613,10324.0,2022-04-13,2022-04-13
male,7466031,9710.0,2022-04-13,2022-04-13
female,8259287,10220.0,2022-04-12,2022-04-12
male,7375987,9630.0,2022-04-12,2022-04-12
female,8146983,10140.0,2022-04-11,2022-04-11
male,7277615,9539.0,2022-04-11,2022-04-11
female,8099217,9998.0,2022-04-10,2022-04-10
male,7234453,9423.0,2022-04-10,2022-04-10
female,8009849,9833.0,2022-04-09,2022-04-09
male,7159340,9259.0,2022-04-09,2022-04-09
female,7909465,9665.0,2022-04-08,2022-04-08
male,7074229,9089.0,2022-04-08,2022-04-08
female,7798185,9460.0,2022-04-07,2022-04-07
male,6980220,8921.0,2022-04-07,2022-04-07
female,7676552,9264.0,2022-04-06,2022-04-06
male,6877092,8769.0,2022-04-06,2022-04-06
female,7522027,9074.0,2022-04-05,2022-04-05
male,6745374,8588.0,2022-04-05,2022-04-05
female,7379846,8975.0,2022-04-04,2022-04-04
male,6621560,8478.0,2022-04-04,2022-04-04
female,7313017,8868.0,2022-04-03,2022-04-03
male,6561199,8367.0,2022-04-03,2022-04-03
female,7186336,8687.0,2022-04-02,2022-04-02
male,6453579,8242.0,2022-04-02,2022-04-02
female,7043560,8504.0,2022-04-01,2022-04-01
male,6332258,8086.0,2022-04-01,2022-04-01
female,6891856,8309.0,2022-03-31,2022-03-31
male,6203775,7921.0,2022-03-31,2022-03-31
female,6717932,8097.0,2022-03-30,2022-03-30
male,6057024,7758.0,2022-03-30,2022-03-30
female,6490198,7883.0,2022-03-29,2022-03-29
male,5860230,7540.0,2022-03-29,2022-03-29
female,6306992,7754.0,2022-03-28,2022-03-28
male,5696062,7432.0,2022-03-28,2022-03-28
female,6209308,7588.0,2022-03-27,2022-03-27
male,5606533,7311.0,2022-03-27,2022-03-27
female,6038125,7433.0,2022-03-26,2022-03-26
male,5459586,7184.0,2022-03-26,2022-03-26
female,5858331,7267.0,2022-03-25,2022-03-25
male,5303901,7027.0,2022-03-25,2022-03-25
female,5675549,7072.0,2022-03-24,2022-03-24
male,5147287,6830.0,2022-03-24,2022-03-24
female,5461682,6829.0,2022-03-23,2022-03-23
male,4965565,6603.0,2022-03-23,2022-03-23
female,5197917,6676.0,2022-03-22,2022-03-22
male,4738623,6465.0,2022-03-22,2022-03-22
female,5010898,6476.0,2022-03-21,2022-03-21
male,4571917,6281.0,2022-03-21,2022-03-21
female,4900855,6295.0,2022-03-20,2022-03-20
male,4472791,6133.0,2022-03-20,2022-03-20
female,4721360,6127.0,2022-03-19,2022-03-19
male,4317578,5974.0,2022-03-19,2022-03-19
female,4517122,5958.0,2022-03-18,2022-03-18
male,4140487,5824.0,2022-03-18,2022-03-18
female,4298912,5782.0,2022-03-17,2022-03-17
male,3951680,5699.0,2022-03-17,2022-03-17
female,3966432,5562.0,2022-03-16,2022-03-16
male,3662843,5490.0,2022-03-16,2022-03-16
female,3756514,5462.0,2022-03-15,2022-03-15
male,3472036,5426.0,2022-03-15,2022-03-15
female,3567412,5302.0,2022-03-14,2022-03-14
male,3298810,5293.0,2022-03-14,2022-03-14
female,3403439,5214.0,2022-03-13,2022-03-13
male,3153014,5181.0,2022-03-13,2022-03-13
female,3218759,5080.0,2022-03-12,2022-03-12
male,2987518,5064.0,2022-03-12,2022-03-12
female,3015150,4941.0,2022-03-11,2022-03-11
male,2807476,4934.0,2022-03-11,2022-03-11
female,2865040,4817.0,2022-03-10,2022-03-10
male,2674610,4829.0,2022-03-10,2022-03-10
female,2690373,4707.0,2022-03-09,2022-03-09
male,2521745,4733.0,2022-03-09,2022-03-09
female,2511257,4620.0,2022-03-08,2022-03-08
male,2358434,4662.0,2022-03-08,2022-03-08
female,2406635,4533.0,2022-03-07,2022-03-07
male,2260342,4563.0,2022-03-07,2022-03-07
female,2294711,4460.0,2022-03-06,2022-03-06
male,2161553,4497.0,2022-03-06,2022-03-06
female,2164432,4367.0,2022-03-05,2022-03-05
male,2048220,4429.0,2022-03-05,2022-03-05
female,2028368,4251.0,2022-03-04,2022-03-04
male,1929958,4329.0,2022-03-04,2022-03-04
female,1887714,4153.0,2022-03-03,2022-03-03
male,1803774,4241.0,2022-03-03,2022-03-03
female,1783729,4083.0,2022-03-02,2022-03-02
male,1708957,4183.0,2022-03-02,2022-03-02
female,1669029,4031.0,2022-03-01,2022-03-01
male,1604420,4139.0,2022-03-01,2022-03-01
female,1597746,3983.0,2022-02-28,2022-02-28
male,1536710,4075.0,2022-02-28,2022-02-28
female,1524680,3928.0,2022-02-27,2022-02-27
male,1470161,4016.0,2022-02-27,2022-02-27
female,1438726,3898.0,2022-02-26,2022-02-26
male,1392557,3997.0,2022-02-26,2022-02-26
female,1350933,3844.0,2022-02-25,2022-02-25
male,1314144,3939.0,2022-02-25,2022-02-25
female,1263792,3787.0,2022-02-24,2022-02-24
male,1235396,3902.0,2022-02-24,2022-02-24
female,1174761,3742.0,2022-02-23,2022-02-23
male,1154421,3865.0,2022-02-23,2022-02-23
female,1086051,3694.0,2022-02-22,2022-02-22
male,1071683,3814.0,2022-02-22,2022-02-22
female,1034782,3661.0,2022-02-21,2022-02-21
male,1023402,3789.0,2022-02-21,2022-02-21
female,985110,3635.0,2022-02-20,2022-02-20
male,977727,3770.0,2022-02-20,2022-02-20
female,930408,3610.0,2022-02-19,2022-02-19
male,927601,3744.0,2022-02-19,2022-02-19
female,877098,3567.0,2022-02-18,2022-02-18
male,878708,3716.0,2022-02-18,2022-02-18
female,820146,3543.0,2022-02-17,2022-02-17
male,825832,3695.0,2022-02-17,2022-02-17
female,771614,3528.0,2022-02-16,2022-02-16
male,781237,3674.0,2022-02-16,2022-02-16
female,725401,3503.0,2022-02-15,2022-02-15
male,737020,3660.0,2022-02-15,2022-02-15
female,696372,3471.0,2022-02-14,2022-02-14
male,708874,3631.0,2022-02-14,2022-02-14
female,668376,3462.0,2022-02-13,2022-02-13
male,682254,3619.0,2022-02-13,2022-02-13
female,639497,3445.0,2022-02-12,2022-02-12
male,654708,3600.0,2022-02-12,2022-02-12
female,611398,3427.0,2022-02-11,2022-02-11
male,627889,3585.0,2022-02-11,2022-02-11
female,583982,3396.0,2022-02-10,2022-02-10
male,601379,3567.0,2022-02-10,2022-02-10
female,556169,3386.0,2022-02-09,2022-02-09
male,575070,3557.0,2022-02-09,2022-02-09
female,530783,3373.0,2022-02-08,2022-02-08
male,550898,3549.0,2022-02-08,2022-02-08
female,511918,3349.0,2022-02-07,2022-02-07
male,533045,3524.0,2022-02-07,2022-02-07
female,493656,3349.0,2022-02-06,2022-02-06
male,516032,3524.0,2022-02-06,2022-02-06
female,473415,3345.0,2022-02-05,2022-02-05
male,497603,3513.0,2022-02-05,2022-02-05
female,454409,3332.0,2022-02-04,2022-02-04
male,480247,3504.0,2022-02-04,2022-02-04
female,440369,3318.0,2022-02-03,2022-02-03
male,466845,3494.0,2022-02-03,2022-02-03
female,428535,3303.0,2022-02-02,2022-02-02
male,455775,3484.0,2022-02-02,2022-02-02
female,418304,3297.0,2022-02-01,2022-02-01
male,445738,3475.0,2022-02-01,2022-02-01
female,409175,3289.0,2022-01-31,2022-01-31
male,436534,3466.0,2022-01-31,2022-01-31
female,400546,3275.0,2022-01-30,2022-01-30
male,428091,3457.0,2022-01-30,2022-01-30
female,391816,3264.0,2022-01-29,2022-01-29
male,419306,3448.0,2022-01-29,2022-01-29
female,382930,3247.0,2022-01-28,2022-01-28
male,410652,3431.0,2022-01-28,2022-01-28
female,374670,3234.0,2022-01-27,2022-01-27
male,402827,3420.0,2022-01-27,2022-01-27
female,367338,3212.0,2022-01-26,2022-01-26
male,395645,3408.0,2022-01-26,2022-01-26
female,360908,3198.0,2022-01-25,2022-01-25
male,389071,3390.0,2022-01-25,2022-01-25
female,356590,3186.0,2022-01-24,2022-01-24
male,384823,3379.0,2022-01-24,2022-01-24
female,352861,3176.0,2022-01-23,2022-01-23
male,381041,3364.0,2022-01-23,2022-01-23
female,349082,3174.0,2022-01-22,2022-01-22
male,377192,3355.0,2022-01-22,2022-01-22
female,345567,3160.0,2022-01-21,2022-01-21
male,373702,3341.0,2022-01-21,2022-01-21
female,342309,3147.0,2022-01-20,2022-01-20
male,370194,3333.0,2022-01-20,2022-01-20
female,339077,3134.0,2022-01-19,2022-01-19
male,366825,3318.0,2022-01-19,2022-01-19
female,336231,3099.0,2022-01-18,2022-01-18
male,363871,3279.0,2022-01-18,2022-01-18
female,334244,3074.0,2022-01-17,2022-01-17
male,361788,3259.0,2022-01-17,2022-01-17
female,332322,3063.0,2022-01-16,2022-01-16
male,359852,3247.0,2022-01-16,2022-01-16
female,330278,3049.0,2022-01-15,2022-01-15
male,357706,3232.0,2022-01-15,2022-01-15
female,328223,3040.0,2022-01-14,2022-01-14
male,355343,3219.0,2022-01-14,2022-01-14
female,326155,3019.0,2022-01-13,2022-01-13
male,352875,3191.0,2022-01-13,2022-01-13
female,324182,2999.0,2022-01-12,2022-01-12
male,350686,3167.0,2022-01-12,2022-01-12
female,322208,2966.0,2022-01-11,2022-01-11
male,348275,3148.0,2022-01-11,2022-01-11
female,320687,2947.0,2022-01-10,2022-01-10
male,346703,3124.0,2022-01-10,2022-01-10
female,319256,2933.0,2022-01-09,2022-01-09
male,345135,3104.0,2022-01-09,2022-01-09
female,317595,2907.0,2022-01-08,2022-01-08
male,343420,3079.0,2022-01-08,2022-01-08
female,315878,2874.0,2022-01-07,2022-01-07
male,341630,3058.0,2022-01-07,2022-01-07
female,314049,2852.0,2022-01-06,2022-01-06
male,339743,3035.0,2022-01-06,2022-01-06
female,312013,2835.0,2022-01-05,2022-01-05
male,337656,3003.0,2022-01-05,2022-01-05
female,309816,2810.0,2022-01-04,2022-01-04
male,335410,2971.0,2022-01-04,2022-01-04
female,308354,2783.0,2022-01-03,2022-01-03
male,333853,2947.0,2022-01-03,2022-01-03
female,306819,2762.0,2022-01-02,2022-01-02
male,332264,2932.0,2022-01-02,2022-01-02
female,304890,2729.0,2022-01-01,2022-01-01
male,330363,2896.0,2022-01-01,2022-01-01
female,302637,2696.0,2021-12-31,2021-12-31
male,328201,2867.0,2021-12-31,2021-12-31
female,300213,2657.0,2021-12-30,2021-12-30
male,325754,2798.0,2021-12-30,2021-12-30
female,297708,2626.0,2021-12-29,2021-12-29
male,323230,2756.0,2021-12-29,2021-12-29
female,294950,2614.0,2021-12-28,2021-12-28
male,320582,2732.0,2021-12-28,2021-12-28
female,292997,2595.0,2021-12-27,2021-12-27
male,318673,2705.0,2021-12-27,2021-12-27
female,290960,2569.0,2021-12-26,2021-12-26
male,316503,2676.0,2021-12-26,2021-12-26
female,288301,2522.0,2021-12-25,2021-12-25
male,313744,2654.0,2021-12-25,2021-12-25
female,285388,2480.0,2021-12-24,2021-12-24
male,310821,2591.0,2021-12-24,2021-12-24
female,282266,2452.0,2021-12-23,2021-12-23
male,307712,2563.0,2021-12-23,2021-12-23
female,278848,2387.0,2021-12-22,2021-12-22
male,304217,2519.0,2021-12-22,2021-12-22
female,275140,2345.0,2021-12-21,2021-12-21
male,300475,2483.0,2021-12-21,2021-12-21
female,272551,2322.0,2021-12-20,2021-12-20
male,297863,2454.0,2021-12-20,2021-12-20
female,269921,2298.0,2021-12-19,2021-12-19
male,295177,2424.0,2021-12-19,2021-12-19
female,266871,2265.0,2021-12-18,2021-12-18
male,291993,2379.0,2021-12-18,2021-12-18
female,263222,2234.0,2021-12-17,2021-12-17
male,288329,2357.0,2021-12-17,2021-12-17
female,259462,2200.0,2021-12-16,2021-12-16
male,284655,2318.0,2021-12-16,2021-12-16
female,255656,2167.0,2021-12-15,2021-12-15
male,280839,2289.0,2021-12-15,2021-12-15
female,251826,2133.0,2021-12-14,2021-12-14
male,276826,2254.0,2021-12-14,2021-12-14
female,249103,2087.0,2021-12-13,2021-12-13
male,273985,2206.0,2021-12-13,2021-12-13
female,246270,2063.0,2021-12-12,2021-12-12
male,271001,2190.0,2021-12-12,2021-12-12
female,242872,2044.0,2021-12-11,2021-12-11
male,267711,2166.0,2021-12-11,2021-12-11
female,239335,2007.0,2021-12-10,2021-12-10
male,264271,2123.0,2021-12-10,2021-12-10
female,235684,1987.0,2021-12-09,2021-12-09
male,260900,2090.0,2021-12-09,2021-12-09
female,232135,1958.0,2021-12-08,2021-12-08
male,257349,2062.0,2021-12-08,2021-12-08
female,228578,1931.0,2021-12-07,2021-12-07
male,253732,2026.0,2021-12-07,2021-12-07
female,226226,1896.0,2021-12-06,2021-12-06
male,251132,1997.0,2021-12-06,2021-12-06
female,224027,1880.0,2021-12-05,2021-12-05
male,249007,1972.0,2021-12-05,2021-12-05
female,221438,1858.0,2021-12-04,2021-12-04
male,246469,1951.0,2021-12-04,2021-12-04
female,218758,1821.0,2021-12-03,2021-12-03
male,243797,1918.0,2021-12-03,2021-12-03
female,216273,1806.0,2021-12-02,2021-12-02
male,241339,1899.0,2021-12-02,2021-12-02
female,213701,1786.0,2021-12-01,2021-12-01
male,238649,1873.0,2021-12-01,2021-12-01
female,211159,1773.0,2021-11-30,2021-11-30
male,236071,1851.0,2021-11-30,2021-11-30
female,209657,1755.0,2021-11-29,2021-11-29
male,234543,1825.0,2021-11-29,2021-11-29
female,208031,1741.0,2021-11-28,2021-11-28
male,232865,1807.0,2021-11-28,2021-11-28
female,206048,1712.0,2021-11-27,2021-11-27
male,230920,1780.0,2021-11-27,2021-11-27
female,204024,1689.0,2021-11-26,2021-11-26
male,228877,1751.0,2021-11-26,2021-11-26
female,202111,1673.0,2021-11-25,2021-11-25
male,226891,1728.0,2021-11-25,2021-11-25
female,200217,1654.0,2021-11-24,2021-11-24
male,224847,1708.0,2021-11-24,2021-11-24
female,198195,1635.0,2021-11-23,2021-11-23
male,222755,1693.0,2021-11-23,2021-11-23
female,196876,1620.0,2021-11-22,2021-11-22
male,221376,1678.0,2021-11-22,2021-11-22
female,195470,1610.0,2021-11-21,2021-11-21
male,219955,1664.0,2021-11-21,2021-11-21
female,193925,1594.0,2021-11-20,2021-11-20
male,218386,1650.0,2021-11-20,2021-11-20
female,192310,1584.0,2021-11-19,2021-11-19
male,216789,1631.0,2021-11-19,2021-11-19
female,190841,1564.0,2021-11-18,2021-11-18
male,215224,1623.0,2021-11-18,2021-11-18
female,186604,1537.0,2021-11-15,2021-11-15
male,210862,1578.0,2021-11-15,2021-11-15
female,185567,1532.0,2021-11-14,2021-11-14
male,209893,1571.0,2021-11-14,2021-11-14
female,184408,1523.0,2021-11-13,2021-11-13
male,208634,1560.0,2021-11-13,2021-11-13
female,183269,1505.0,2021-11-12,2021-11-12
male,207450,1546.0,2021-11-12,2021-11-12
female,182118,1499.0,2021-11-11,2021-11-11
male,206233,1534.0,2021-11-11,2021-11-11
female,180874,1486.0,2021-11-10,2021-11-10
male,204957,1526.0,2021-11-10,2021-11-10
female,179760,1478.0,2021-11-09,2021-11-09
male,203647,1520.0,2021-11-09,2021-11-09
female,178932,1470.0,2021-11-08,2021-11-08
male,202762,1510.0,2021-11-08,2021-11-08
female,178078,1461.0,2021-11-07,2021-11-07
male,201857,1506.0,2021-11-07,2021-11-07
female,177043,1456.0,2021-11-06,2021-11-06
male,200669,1500.0,2021-11-06,2021-11-06
female,175993,1444.0,2021-11-05,2021-11-05
male,199471,1492.0,2021-11-05,2021-11-05
female,174882,1439.0,2021-11-04,2021-11-04
male,198238,1477.0,2021-11-04,2021-11-04
female,173682,1424.0,2021-11-03,2021-11-03
male,196958,1468.0,2021-11-03,2021-11-03
female,172439,1413.0,2021-11-02,2021-11-02
male,195535,1461.0,2021-11-02,2021-11-02
female,171654,1401.0,2021-11-01,2021-11-01
male,194732,1457.0,2021-11-01,2021-11-01
female,170824,1395.0,2021-10-31,2021-10-31
male,193876,1454.0,2021-10-31,2021-10-31
female,169940,1383.0,2021-10-30,2021-10-30
male,192699,1447.0,2021-10-30,2021-10-30
female,168995,1376.0,2021-10-29,2021-10-29
male,191541,1441.0,2021-10-29,2021-10-29
female,168012,1372.0,2021-10-28,2021-10-28
male,190400,1436.0,2021-10-28,2021-10-28
female,167084,1368.0,2021-10-27,2021-10-27
male,189221,1429.0,2021-10-27,2021-10-27
female,165630,1357.0,2021-10-25,2021-10-25
male,187459,1416.0,2021-10-25,2021-10-25
female,165068,1354.0,2021-10-24,2021-10-24
male,186831,1412.0,2021-10-24,2021-10-24
female,164453,1342.0,2021-10-23,2021-10-23
male,186023,1403.0,2021-10-23,2021-10-23
female,163779,1332.0,2021-10-22,2021-10-22
male,185190,1393.0,2021-10-22,2021-10-22
female,163147,1326.0,2021-10-21,2021-10-21
male,184382,1383.0,2021-10-21,2021-10-21
female,162515,1323.0,2021-10-20,2021-10-20
male,183573,1375.0,2021-10-20,2021-10-20
female,161833,1321.0,2021-10-19,2021-10-19
male,182685,1368.0,2021-10-19,2021-10-19
female,160867,1304.0,2021-10-17,2021-10-17
male,181529,1356.0,2021-10-17,2021-10-17
female,160261,1297.0,2021-10-16,2021-10-16
male,180717,1347.0,2021-10-16,2021-10-16
female,159526,1292.0,2021-10-15,2021-10-15
male,179835,1334.0,2021-10-15,2021-10-15
female,158787,1290.0,2021-10-14,2021-10-14
male,178892,1328.0,2021-10-14,2021-10-14
female,157955,1286.0,2021-10-13,2021-10-13
male,177787,1319.0,2021-10-13,2021-10-13
female,157277,1284.0,2021-10-12,2021-10-12
male,176886,1310.0,2021-10-12,2021-10-12
female,156732,1278.0,2021-10-11,2021-10-11
male,176084,1305.0,2021-10-11,2021-10-11
female,156178,1276.0,2021-10-10,2021-10-10
male,175341,1299.0,2021-10-10,2021-10-10
female,154707,1264.0,2021-10-08,2021-10-08
male,173269,1290.0,2021-10-08,2021-10-08
female,153814,1261.0,2021-10-07,2021-10-07
male,171990,1283.0,2021-10-07,2021-10-07
female,152788,1255.0,2021-10-06,2021-10-06
male,170591,1281.0,2021-10-06,2021-10-06
female,151422,1241.0,2021-10-04,2021-10-04
male,168355,1272.0,2021-10-04,2021-10-04
female,150774,1239.0,2021-10-03,2021-10-03
male,167331,1268.0,2021-10-03,2021-10-03
female,149921,1236.0,2021-10-02,2021-10-02
male,166099,1268.0,2021-10-02,2021-10-02
female,149019,1233.0,2021-10-01,2021-10-01
male,164754,1264.0,2021-10-01,2021-10-01
female,148013,1229.0,2021-09-30,2021-09-30
male,163276,1252.0,2021-09-30,2021-09-30
female,146927,1224.0,2021-09-29,2021-09-29
male,161798,1250.0,2021-09-29,2021-09-29
female,145727,1222.0,2021-09-28,2021-09-28
male,160115,1242.0,2021-09-28,2021-09-28
female,144744,1221.0,2021-09-27,2021-09-27
male,158809,1235.0,2021-09-27,2021-09-27
female,143683,1217.0,2021-09-26,2021-09-26
male,157489,1233.0,2021-09-26,2021-09-26
female,141089,1210.0,2021-09-24,2021-09-24
male,154043,1224.0,2021-09-24,2021-09-24
female,140047,1207.0,2021-09-23,2021-09-23
male,152652,1220.0,2021-09-23,2021-09-23
female,139317,1204.0,2021-09-22,2021-09-22
male,151666,1215.0,2021-09-22,2021-09-22
female,138538,1203.0,2021-09-21,2021-09-21
male,150725,1210.0,2021-09-21,2021-09-21
female,137784,1201.0,2021-09-20,2021-09-20
male,149752,1208.0,2021-09-20,2021-09-20
female,137077,1199.0,2021-09-19,2021-09-19
male,148854,1205.0,2021-09-19,2021-09-19
female,136213,1192.0,2021-09-18,2021-09-18
male,147809,1202.0,2021-09-18,2021-09-18
female,134409,1188.0,2021-09-16,2021-09-16
male,145521,1198.0,2021-09-16,2021-09-16
female,133526,1187.0,2021-09-15,2021-09-15
male,144463,1193.0,2021-09-15,2021-09-15
female,132602,1177.0,2021-09-14,2021-09-14
male,143308,1190.0,2021-09-14,2021-09-14
female,131972,1175.0,2021-09-13,2021-09-13
male,142443,1185.0,2021-09-13,2021-09-13
female,130582,1174.0,2021-09-11,2021-09-11
male,140645,1184.0,2021-09-11,2021-09-11
female,129737,1168.0,2021-09-10,2021-09-10
male,139625,1180.0,2021-09-10,2021-09-10
female,128911,1166.0,2021-09-09,2021-09-09
male,138559,1177.0,2021-09-09,2021-09-09
female,127986,1162.0,2021-09-08,2021-09-08
male,137437,1172.0,2021-09-08,2021-09-08
female,127081,1160.0,2021-09-07,2021-09-07
male,136293,1170.0,2021-09-07,2021-09-07
female,126392,1158.0,2021-09-06,2021-09-06
male,135386,1169.0,2021-09-06,2021-09-06
female,125087,1152.0,2021-09-04,2021-09-04
male,133826,1163.0,2021-09-04,2021-09-04
female,124319,1151.0,2021-09-03,2021-09-03
male,132791,1157.0,2021-09-03,2021-09-03
female,123576,1150.0,2021-09-02,2021-09-02
male,131825,1153.0,2021-09-02,2021-09-02
female,122711,1144.0,2021-09-01,2021-09-01
male,130734,1148.0,2021-09-01,2021-09-01
female,121802,1141.0,2021-08-31,2021-08-31
male,129619,1144.0,2021-08-31,2021-08-31
female,121186,1140.0,2021-08-30,2021-08-30
male,128865,1144.0,2021-08-30,2021-08-30
female,120528,1138.0,2021-08-29,2021-08-29
male,128040,1141.0,2021-08-29,2021-08-29
female,119792,1138.0,2021-08-28,2021-08-28
male,127159,1138.0,2021-08-28,2021-08-28
female,118923,1131.0,2021-08-27,2021-08-27
male,126235,1134.0,2021-08-27,2021-08-27
female,118085,1128.0,2021-08-26,2021-08-26
male,125232,1129.0,2021-08-26,2021-08-26
female,117288,1117.0,2021-08-25,2021-08-25
male,124151,1120.0,2021-08-25,2021-08-25
female,116331,1113.0,2021-08-24,2021-08-24
male,122956,1115.0,2021-08-24,2021-08-24
female,115648,1112.0,2021-08-23,2021-08-23
male,122134,1110.0,2021-08-23,2021-08-23
female,115012,1108.0,2021-08-22,2021-08-22
male,121354,1107.0,2021-08-22,2021-08-22
female,114238,1102.0,2021-08-21,2021-08-21
male,120501,1100.0,2021-08-21,2021-08-21
female,113401,1100.0,2021-08-20,2021-08-20
male,119458,1097.0,2021-08-20,2021-08-20
female,112494,1098.0,2021-08-19,2021-08-19
male,118314,1093.0,2021-08-19,2021-08-19
female,111561,1094.0,2021-08-18,2021-08-18
male,117096,1084.0,2021-08-18,2021-08-18
female,110768,1090.0,2021-08-17,2021-08-17
male,116086,1083.0,2021-08-17,2021-08-17
female,108543,1078.0,2021-08-14,2021-08-14
male,113568,1070.0,2021-08-14,2021-08-14
female,107675,1076.0,2021-08-13,2021-08-13
male,112507,1068.0,2021-08-13,2021-08-13
female,106776,1073.0,2021-08-12,2021-08-12
male,111416,1065.0,2021-08-12,2021-08-12
female,105853,1071.0,2021-08-11,2021-08-11
male,110353,1064.0,2021-08-11,2021-08-11
female,104737,1070.0,2021-08-10,2021-08-10
male,109250,1064.0,2021-08-10,2021-08-10
female,103977,1065.0,2021-08-09,2021-08-09
male,108471,1060.0,2021-08-09,2021-08-09
female,102425,1061.0,2021-08-07,2021-08-07
male,106803,1055.0,2021-08-07,2021-08-07
female,101544,1058.0,2021-08-06,2021-08-06
male,105862,1055.0,2021-08-06,2021-08-06
female,100754,1057.0,2021-08-05,2021-08-05
male,104948,1052.0,2021-08-05,2021-08-05
female,99921,1056.0,2021-08-04,2021-08-04
male,104005,1050.0,2021-08-04,2021-08-04
female,99101,1056.0,2021-08-03,2021-08-03
male,103102,1048.0,2021-08-03,2021-08-03
female,98499,1054.0,2021-08-02,2021-08-02
male,102503,1045.0,2021-08-02,2021-08-02
female,97875,1053.0,2021-08-01,2021-08-01
male,101912,1045.0,2021-08-01,2021-08-01
female,97164,1052.0,2021-07-31,2021-07-31
male,101181,1043.0,2021-07-31,2021-07-31
female,96423,1050.0,2021-07-30,2021-07-30
male,100383,1039.0,2021-07-30,2021-07-30
female,95610,1049.0,2021-07-29,2021-07-29
male,99489,1036.0,2021-07-29,2021-07-29
female,94781,1049.0,2021-07-28,2021-07-28
male,98646,1034.0,2021-07-28,2021-07-28
female,93836,1046.0,2021-07-27,2021-07-27
male,97695,1033.0,2021-07-27,2021-07-27
female,93214,1045.0,2021-07-26,2021-07-26
male,96952,1032.0,2021-07-26,2021-07-26
female,91921,1040.0,2021-07-24,2021-07-24
male,95441,1028.0,2021-07-24,2021-07-24
female,91159,1040.0,2021-07-23,2021-07-23
male,94574,1026.0,2021-07-23,2021-07-23
female,90401,1039.0,2021-07-22,2021-07-22
male,93702,1024.0,2021-07-22,2021-07-22
female,88786,1036.0,2021-07-20,2021-07-20
male,91695,1023.0,2021-07-20,2021-07-20
female,88167,1036.0,2021-07-19,2021-07-19
male,91036,1022.0,2021-07-19,2021-07-19
female,87584,1036.0,2021-07-18,2021-07-18
male,90367,1021.0,2021-07-18,2021-07-18
female,86926,1036.0,2021-07-17,2021-07-17
male,89574,1019.0,2021-07-17,2021-07-17
female,86250,1035.0,2021-07-16,2021-07-16
male,88796,1016.0,2021-07-16,2021-07-16
female,85545,1034.0,2021-07-15,2021-07-15
male,87966,1016.0,2021-07-15,2021-07-15
female,84814,1033.0,2021-07-14,2021-07-14
male,87097,1015.0,2021-07-14,2021-07-14
female,84089,1032.0,2021-07-13,2021-07-13
male,86207,1014.0,2021-07-13,2021-07-13
female,83559,1031.0,2021-07-12,2021-07-12
male,85587,1013.0,2021-07-12,2021-07-12
female,81789,1029.0,2021-07-09,2021-07-09
male,83555,1007.0,2021-07-09,2021-07-09
female,81168,1028.0,2021-07-08,2021-07-08
male,82860,1006.0,2021-07-08,2021-07-08
female,80590,1027.0,2021-07-07,2021-07-07
male,82163,1006.0,2021-07-07,2021-07-07
female,80007,1026.0,2021-07-06,2021-07-06
male,81534,1006.0,2021-07-06,2021-07-06
female,79647,1024.0,2021-07-05,2021-07-05
male,81148,1004.0,2021-07-05,2021-07-05
female,79296,1022.0,2021-07-04,2021-07-04
male,80788,1004.0,2021-07-04,2021-07-04
female,78956,1021.0,2021-07-03,2021-07-03
male,80386,1004.0,2021-07-03,2021-07-03
female,78575,1020.0,2021-07-02,2021-07-02
male,79974,1004.0,2021-07-02,2021-07-02
female,78197,1018.0,2021-07-01,2021-07-01
male,79526,1003.0,2021-07-01,2021-07-01
female,77870,1018.0,2021-06-30,2021-06-30
male,79091,1000.0,2021-06-30,2021-06-30
female,77481,1018.0,2021-06-29,2021-06-29
male,78686,999.0,2021-06-29,2021-06-29
female,77206,1017.0,2021-06-28,2021-06-28
male,78366,998.0,2021-06-28,2021-06-28
female,76708,1016.0,2021-06-26,2021-06-26
male,77749,996.0,2021-06-26,2021-06-26
female,76403,1015.0,2021-06-25,2021-06-25
male,77386,994.0,2021-06-25,2021-06-25
female,75870,1014.0,2021-06-23,2021-06-23
male,76675,993.0,2021-06-23,2021-06-23
female,75582,1014.0,2021-06-22,2021-06-22
male,76319,992.0,2021-06-22,2021-06-22
female,75397,1013.0,2021-06-21,2021-06-21
male,76109,991.0,2021-06-21,2021-06-21
female,75219,1012.0,2021-06-20,2021-06-20
male,75930,990.0,2021-06-20,2021-06-20
female,75008,1009.0,2021-06-19,2021-06-19
male,75712,988.0,2021-06-19,2021-06-19
female,74774,1008.0,2021-06-18,2021-06-18
male,75464,988.0,2021-06-18,2021-06-18
female,74540,1008.0,2021-06-17,2021-06-17
male,75191,986.0,2021-06-17,2021-06-17
female,74281,1008.0,2021-06-16,2021-06-16
male,74910,985.0,2021-06-16,2021-06-16
female,73997,1008.0,2021-06-15,2021-06-15
male,74650,984.0,2021-06-15,2021-06-15
female,73816,1004.0,2021-06-14,2021-06-14
male,74457,984.0,2021-06-14,2021-06-14
female,73628,1003.0,2021-06-14,2021-06-14
male,74246,982.0,2021-06-14,2021-06-14
female,73628,1003.0,2021-06-13,2021-06-13
male,74246,982.0,2021-06-13,2021-06-13
female,73421,1000.0,2021-06-12,2021-06-12
male,74001,982.0,2021-06-12,2021-06-12
female,73153,1000.0,2021-06-11,2021-06-11
male,73706,981.0,2021-06-11,2021-06-11
female,72898,999.0,2021-06-10,2021-06-10
male,73405,980.0,2021-06-10,2021-06-10
female,72609,998.0,2021-06-09,2021-06-09
male,73083,979.0,2021-06-09,2021-06-09
female,72332,997.0,2021-06-08,2021-06-08
male,72759,978.0,2021-06-08,2021-06-08
female,72134,996.0,2021-06-07,2021-06-07
male,72503,978.0,2021-06-07,2021-06-07
female,71916,996.0,2021-06-06,2021-06-06
male,72236,977.0,2021-06-06,2021-06-06
female,71657,996.0,2021-06-05,2021-06-05
male,71939,975.0,2021-06-05,2021-06-05
female,71308,995.0,2021-06-04,2021-06-04
male,71544,974.0,2021-06-04,2021-06-04
female,70994,994.0,2021-06-03,2021-06-03
male,71163,974.0,2021-06-03,2021-06-03
female,70651,991.0,2021-06-02,2021-06-02
male,70825,974.0,2021-06-02,2021-06-02
female,70325,991.0,2021-06-01,2021-06-01
male,70474,972.0,2021-06-01,2021-06-01
female,70136,989.0,2021-05-31,2021-05-31
male,70204,970.0,2021-05-31,2021-05-31
female,69908,987.0,2021-05-30,2021-05-30
male,70002,970.0,2021-05-30,2021-05-30
female,69677,983.0,2021-05-29,2021-05-29
male,69754,968.0,2021-05-29,2021-05-29
female,69415,980.0,2021-05-28,2021-05-28
male,69483,966.0,2021-05-28,2021-05-28
female,69147,978.0,2021-05-27,2021-05-27
male,69164,965.0,2021-05-27,2021-05-27
female,68844,975.0,2021-05-26,2021-05-26
male,68838,965.0,2021-05-26,2021-05-26
female,68498,973.0,2021-05-25,2021-05-25
male,68485,965.0,2021-05-25,2021-05-25
female,68271,969.0,2021-05-24,2021-05-24
male,68196,965.0,2021-05-24,2021-05-24
female,68022,968.0,2021-05-23,2021-05-23
male,67907,963.0,2021-05-23,2021-05-23
female,67746,966.0,2021-05-22,2021-05-22
male,67598,960.0,2021-05-22,2021-05-22
female,67426,963.0,2021-05-21,2021-05-21
male,67252,959.0,2021-05-21,2021-05-21
female,67175,962.0,2021-05-20,2021-05-20
male,66942,954.0,2021-05-20,2021-05-20
female,66837,960.0,2021-05-19,2021-05-19
male,66634,952.0,2021-05-19,2021-05-19
female,66540,958.0,2021-05-18,2021-05-18
male,66278,946.0,2021-05-18,2021-05-18
female,66295,958.0,2021-05-17,2021-05-17
male,65995,945.0,2021-05-17,2021-05-17
female,66012,956.0,2021-05-16,2021-05-16
male,65659,944.0,2021-05-16,2021-05-16
female,65714,952.0,2021-05-15,2021-05-15
male,65347,944.0,2021-05-15,2021-05-15
female,65393,952.0,2021-05-14,2021-05-14
male,64987,941.0,2021-05-14,2021-05-14
female,65012,952.0,2021-05-13,2021-05-13
male,64621,939.0,2021-05-13,2021-05-13
female,64671,946.0,2021-05-12,2021-05-12
male,64247,938.0,2021-05-12,2021-05-12
female,64362,944.0,2021-05-11,2021-05-11
male,63921,935.0,2021-05-11,2021-05-11
female,64104,942.0,2021-05-10,2021-05-10
male,63668,933.0,2021-05-10,2021-05-10
female,63606,937.0,2021-05-08,2021-05-08
male,63139,928.0,2021-05-08,2021-05-08
female,63244,935.0,2021-05-07,2021-05-07
male,62800,925.0,2021-05-07,2021-05-07
female,62977,931.0,2021-05-06,2021-05-06
male,62542,920.0,2021-05-06,2021-05-06
female,62698,930.0,2021-05-05,2021-05-05
male,62247,917.0,2021-05-05,2021-05-05
female,62390,926.0,2021-05-04,2021-05-04
male,61879,914.0,2021-05-04,2021-05-04
female,62122,923.0,2021-05-03,2021-05-03
male,61606,911.0,2021-05-03,2021-05-03
female,61870,923.0,2021-05-02,2021-05-02
male,61370,910.0,2021-05-02,2021-05-02
female,61262,920.0,2021-04-30,2021-04-30
male,60745,908.0,2021-04-30,2021-04-30
female,60954,919.0,2021-04-29,2021-04-29
male,60397,906.0,2021-04-29,2021-04-29
female,60209,914.0,2021-04-27,2021-04-27
male,59689,906.0,2021-04-27,2021-04-27
female,59721,910.0,2021-04-25,2021-04-25
male,59166,903.0,2021-04-25,2021-04-25
female,59400,909.0,2021-04-24,2021-04-24
male,58843,903.0,2021-04-24,2021-04-24
female,59020,909.0,2021-04-23,2021-04-23
male,58438,902.0,2021-04-23,2021-04-23
female,58613,908.0,2021-04-22,2021-04-22
male,58048,900.0,2021-04-22,2021-04-22
female,58264,908.0,2021-04-21,2021-04-21
male,57662,898.0,2021-04-21,2021-04-21
female,57899,906.0,2021-04-20,2021-04-20
male,57296,896.0,2021-04-20,2021-04-20
female,57645,905.0,2021-04-19,2021-04-19
male,57001,896.0,2021-04-19,2021-04-19
female,57392,903.0,2021-04-18,2021-04-18
male,56723,894.0,2021-04-18,2021-04-18
female,57065,902.0,2021-04-17,2021-04-17
male,56379,892.0,2021-04-17,2021-04-17
female,56734,899.0,2021-04-16,2021-04-16
male,56055,891.0,2021-04-16,2021-04-16
female,56384,898.0,2021-04-15,2021-04-15
male,55733,890.0,2021-04-15,2021-04-15
female,56039,895.0,2021-04-14,2021-04-14
male,55380,887.0,2021-04-14,2021-04-14
female,55687,890.0,2021-04-13,2021-04-13
male,55001,885.0,2021-04-13,2021-04-13
female,55426,888.0,2021-04-12,2021-04-12
male,54720,882.0,2021-04-12,2021-04-12
female,55139,887.0,2021-04-11,2021-04-11
male,54420,881.0,2021-04-11,2021-04-11
female,54864,887.0,2021-04-10,2021-04-10
male,54081,878.0,2021-04-10,2021-04-10
female,54523,887.0,2021-04-09,2021-04-09
male,53746,877.0,2021-04-09,2021-04-09
female,54184,884.0,2021-04-08,2021-04-08
male,53414,874.0,2021-04-08,2021-04-08
female,53827,883.0,2021-04-07,2021-04-07
male,53071,873.0,2021-04-07,2021-04-07
female,53247,878.0,2021-04-05,2021-04-05
male,52505,870.0,2021-04-05,2021-04-05
female,53001,874.0,2021-04-04,2021-04-04
male,52278,870.0,2021-04-04,2021-04-04
female,52435,872.0,2021-04-02,2021-04-02
male,51759,865.0,2021-04-02,2021-04-02
female,52174,871.0,2021-04-01,2021-04-01
male,51465,864.0,2021-04-01,2021-04-01
female,51905,869.0,2021-03-31,2021-03-31
male,51183,862.0,2021-03-31,2021-03-31
female,51637,868.0,2021-03-30,2021-03-30
male,50945,861.0,2021-03-30,2021-03-30
female,51434,867.0,2021-03-29,2021-03-29
male,50707,859.0,2021-03-29,2021-03-29
female,51249,864.0,2021-03-28,2021-03-28
male,50508,858.0,2021-03-28,2021-03-28
female,51021,864.0,2021-03-27,2021-03-27
male,50254,857.0,2021-03-27,2021-03-27
female,50759,864.0,2021-03-26,2021-03-26
male,50011,852.0,2021-03-26,2021-03-26
female,50504,859.0,2021-03-25,2021-03-25
male,49772,850.0,2021-03-25,2021-03-25
female,50300,859.0,2021-03-24,2021-03-24
male,49546,848.0,2021-03-24,2021-03-24
female,50101,858.0,2021-03-23,2021-03-23
male,49320,846.0,2021-03-23,2021-03-23
female,49912,854.0,2021-03-22,2021-03-22
male,49163,843.0,2021-03-22,2021-03-22
female,49497,852.0,2021-03-20,2021-03-20
male,48712,841.0,2021-03-20,2021-03-20
female,49286,850.0,2021-03-19,2021-03-19
male,48471,840.0,2021-03-19,2021-03-19
female,49053,850.0,2021-03-18,2021-03-18
male,48241,838.0,2021-03-18,2021-03-18
female,48853,848.0,2021-03-17,2021-03-17
male,47996,838.0,2021-03-17,2021-03-17
female,48626,844.0,2021-03-16,2021-03-16
male,47754,834.0,2021-03-16,2021-03-16
female,48449,843.0,2021-03-15,2021-03-15
male,47568,832.0,2021-03-15,2021-03-15
female,48059,838.0,2021-03-13,2021-03-13
male,47117,829.0,2021-03-13,2021-03-13
female,47566,829.0,2021-03-11,2021-03-11
male,46632,823.0,2021-03-11,2021-03-11
female,47117,827.0,2021-03-09,2021-03-09
male,46146,818.0,2021-03-09,2021-03-09
female,46900,825.0,2021-03-08,2021-03-08
male,45917,817.0,2021-03-08,2021-03-08
female,46751,821.0,2021-03-07,2021-03-07
male,45720,813.0,2021-03-07,2021-03-07
female,46553,820.0,2021-03-06,2021-03-06
male,45502,812.0,2021-03-06,2021-03-06
female,46361,816.0,2021-03-05,2021-03-05
male,45277,811.0,2021-03-05,2021-03-05
female,46175,811.0,2021-03-04,2021-03-04
male,45065,808.0,2021-03-04,2021-03-04
female,45981,808.0,2021-03-03,2021-03-03
male,44835,804.0,2021-03-03,2021-03-03
female,45796,806.0,2021-03-02,2021-03-02
male,44576,800.0,2021-03-02,2021-03-02
female,45454,803.0,2021-02-28,2021-02-28
male,44222,800.0,2021-02-28,2021-02-28
female,45281,801.0,2021-02-27,2021-02-27
male,44040,794.0,2021-02-27,2021-02-27
female,45084,798.0,2021-02-26,2021-02-26
male,43838,787.0,2021-02-26,2021-02-26
female,44883,795.0,2021-02-25,2021-02-25
male,43633,786.0,2021-02-25,2021-02-25
female,44687,792.0,2021-02-24,2021-02-24
male,43433,784.0,2021-02-24,2021-02-24
female,44455,791.0,2021-02-23,2021-02-23
male,43226,782.0,2021-02-23,2021-02-23
female,44290,785.0,2021-02-22,2021-02-22
male,43034,777.0,2021-02-22,2021-02-22
female,43698,778.0,2021-02-19,2021-02-19
male,42430,772.0,2021-02-19,2021-02-19
female,43104,774.0,2021-02-17,2021-02-17
male,41842,764.0,2021-02-17,2021-02-17
female,42788,772.0,2021-02-16,2021-02-16
male,41537,762.0,2021-02-16,2021-02-16
female,42579,769.0,2021-02-15,2021-02-15
male,41290,758.0,2021-02-15,2021-02-15
female,42061,758.0,2021-02-12,2021-02-12
male,40776,749.0,2021-02-12,2021-02-12
female,41858,751.0,2021-02-11,2021-02-11
male,40576,745.0,2021-02-11,2021-02-11
female,41600,747.0,2021-02-10,2021-02-10
male,40330,739.0,2021-02-10,2021-02-10
female,41405,746.0,2021-02-09,2021-02-09
male,40082,736.0,2021-02-09,2021-02-09
female,41260,742.0,2021-02-08,2021-02-08
male,39925,732.0,2021-02-08,2021-02-08
female,40968,740.0,2021-02-06,2021-02-06
male,39556,724.0,2021-02-06,2021-02-06
female,40774,737.0,2021-02-05,2021-02-05
male,39357,722.0,2021-02-05,2021-02-05
female,40590,731.0,2021-02-04,2021-02-04
male,39172,717.0,2021-02-04,2021-02-04
female,40350,728.0,2021-02-03,2021-02-03
male,38961,713.0,2021-02-03,2021-02-03
female,40135,726.0,2021-02-02,2021-02-02
male,38709,709.0,2021-02-02,2021-02-02
female,39986,719.0,2021-02-01,2021-02-01
male,38522,706.0,2021-02-01,2021-02-01
female,39830,717.0,2021-01-31,2021-01-31
male,38375,703.0,2021-01-31,2021-01-31
female,39658,714.0,2021-01-30,2021-01-30
male,38192,700.0,2021-01-30,2021-01-30
female,39425,706.0,2021-01-29,2021-01-29
male,37970,693.0,2021-01-29,2021-01-29
female,39171,700.0,2021-01-28,2021-01-28
male,37755,686.0,2021-01-28,2021-01-28
female,38948,695.0,2021-01-27,2021-01-27
male,37481,683.0,2021-01-27,2021-01-27
female,38667,690.0,2021-01-26,2021-01-26
male,37208,681.0,2021-01-26,2021-01-26
female,38470,687.0,2021-01-25,2021-01-25
male,37051,673.0,2021-01-25,2021-01-25
female,6221,94.0,2021-01-24,2021-01-24
male,4163,106.0,2021-01-24,2021-01-24
female,38073,673.0,2021-01-23,2021-01-23
male,36619,664.0,2021-01-23,2021-01-23
female,37850,669.0,2021-01-22,2021-01-22
male,36412,659.0,2021-01-22,2021-01-22
female,37672,666.0,2021-01-21,2021-01-21
male,36246,650.0,2021-01-21,2021-01-21
female,37456,660.0,2021-01-20,2021-01-20
male,36062,640.0,2021-01-20,2021-01-20
female,37254,650.0,2021-01-19,2021-01-19
male,35861,633.0,2021-01-19,2021-01-19
female,37064,640.0,2021-01-18,2021-01-18
male,35665,624.0,2021-01-18,2021-01-18
female,36869,634.0,2021-01-18,2021-01-18
male,35471,615.0,2021-01-18,2021-01-18
female,34715,553.0,2021-01-17,2021-01-17
male,33284,547.0,2021-01-17,2021-01-17
female,36604,630.0,2021-01-16,2021-01-16
male,35216,606.0,2021-01-16,2021-01-16
female,36304,620.0,2021-01-15,2021-01-15
male,34937,597.0,2021-01-15,2021-01-15
female,36051,608.0,2021-01-14,2021-01-14
male,34677,587.0,2021-01-14,2021-01-14
female,35801,603.0,2021-01-13,2021-01-13
male,34411,582.0,2021-01-13,2021-01-13
female,35516,593.0,2021-01-12,2021-01-12
male,34135,572.0,2021-01-12,2021-01-12
female,35247,578.0,2021-01-11,2021-01-11
male,33867,562.0,2021-01-11,2021-01-11
female,35037,567.0,2021-01-10,2021-01-10
male,33627,558.0,2021-01-10,2021-01-10
female,34715,553.0,2021-01-09,2021-01-09
male,33284,547.0,2021-01-09,2021-01-09
female,34396,541.0,2021-01-08,2021-01-08
male,32962,540.0,2021-01-08,2021-01-08
female,34043,521.0,2021-01-07,2021-01-07
male,32643,525.0,2021-01-07,2021-01-07
female,33633,513.0,2021-01-06,2021-01-06
male,32185,514.0,2021-01-06,2021-01-06
female,33200,500.0,2021-01-05,2021-01-05
male,31779,507.0,2021-01-05,2021-01-05
female,32841,490.0,2021-01-04,2021-01-04
male,31423,491.0,2021-01-04,2021-01-04
female,32357,479.0,2021-01-03,2021-01-03
male,30887,483.0,2021-01-03,2021-01-03
female,32002,473.0,2021-01-02,2021-01-02
male,30591,469.0,2021-01-02,2021-01-02
female,31600,458.0,2021-01-01,2021-01-01
male,30169,459.0,2021-01-01,2021-01-01
female,31128,452.0,2020-12-31,2020-12-31
male,29612,448.0,2020-12-31,2020-12-31
female,30666,441.0,2020-12-30,2020-12-30
male,29107,438.0,2020-12-30,2020-12-30
female,30138,430.0,2020-12-29,2020-12-29
male,28587,429.0,2020-12-29,2020-12-29
female,29714,403.0,2020-12-28,2020-12-28
male,27966,416.0,2020-12-28,2020-12-28
female,29301,397.0,2020-12-27,2020-12-27
male,27571,411.0,2020-12-27,2020-12-27
female,28802,389.0,2020-12-26,2020-12-26
male,27100,404.0,2020-12-26,2020-12-26
female,28235,383.0,2020-12-25,2020-12-25
male,26535,390.0,2020-12-25,2020-12-25
female,26708,357.0,2020-12-22,2020-12-22
male,24752,365.0,2020-12-22,2020-12-22
female,26262,340.0,2020-12-21,2020-12-21
male,24329,358.0,2020-12-21,2020-12-21
female,25797,329.0,2020-12-20,2020-12-20
male,23868,345.0,2020-12-20,2020-12-20
female,24744,309.0,2020-12-18,2020-12-18
male,22771,336.0,2020-12-18,2020-12-18
female,24166,303.0,2020-12-17,2020-12-17
male,22287,331.0,2020-12-17,2020-12-17
female,23628,295.0,2020-12-16,2020-12-16
male,21814,317.0,2020-12-16,2020-12-16
female,23106,292.0,2020-12-15,2020-12-15
male,21258,308.0,2020-12-15,2020-12-15
female,22641,285.0,2020-12-14,2020-12-14
male,20843,302.0,2020-12-14,2020-12-14
female,22253,283.0,2020-12-13,2020-12-13
male,20513,297.0,2020-12-13,2020-12-13
female,21707,283.0,2020-12-12,2020-12-12
male,20029,295.0,2020-12-12,2020-12-12
female,21193,280.0,2020-12-11,2020-12-11
male,19593,292.0,2020-12-11,2020-12-11
female,20841,275.0,2020-12-10,2020-12-10
male,19257,289.0,2020-12-10,2020-12-10
female,20518,269.0,2020-12-09,2020-12-09
male,18914,287.0,2020-12-09,2020-12-09
female,20176,267.0,2020-12-08,2020-12-08
male,18579,285.0,2020-12-08,2020-12-08
female,19856,265.0,2020-12-07,2020-12-07
male,18305,284.0,2020-12-07,2020-12-07
female,19247,260.0,2020-12-05,2020-12-05
male,17668,280.0,2020-12-05,2020-12-05
female,18952,257.0,2020-12-04,2020-12-04
male,17380,279.0,2020-12-04,2020-12-04
female,18611,253.0,2020-12-03,2020-12-03
male,17092,276.0,2020-12-03,2020-12-03
female,18344,251.0,2020-12-02,2020-12-02
male,16819,275.0,2020-12-02,2020-12-02
female,18095,251.0,2020-12-01,2020-12-01
male,16557,275.0,2020-12-01,2020-12-01
female,17878,251.0,2020-11-30,2020-11-30
male,16323,275.0,2020-11-30,2020-11-30
female,17657,249.0,2020-11-29,2020-11-29
male,16167,274.0,2020-11-29,2020-11-29
female,17441,249.0,2020-11-28,2020-11-28
male,15934,273.0,2020-11-28,2020-11-28
female,17199,245.0,2020-11-27,2020-11-27
male,15688,271.0,2020-11-27,2020-11-27
female,16942,244.0,2020-11-26,2020-11-26
male,15376,271.0,2020-11-26,2020-11-26
female,16656,244.0,2020-11-25,2020-11-25
male,15079,269.0,2020-11-25,2020-11-25
female,16480,242.0,2020-11-24,2020-11-24
male,14873,268.0,2020-11-24,2020-11-24
female,16321,242.0,2020-11-23,2020-11-23
male,14683,267.0,2020-11-23,2020-11-23
female,16178,240.0,2020-11-22,2020-11-22
male,14555,265.0,2020-11-22,2020-11-22
female,16021,239.0,2020-11-21,2020-11-21
male,14382,264.0,2020-11-21,2020-11-21
female,15845,238.0,2020-11-20,2020-11-20
male,14172,263.0,2020-11-20,2020-11-20
female,15673,236.0,2020-11-19,2020-11-19
male,13981,262.0,2020-11-19,2020-11-19
female,15511,235.0,2020-11-18,2020-11-18
male,13800,261.0,2020-11-18,2020-11-18
female,15382,234.0,2020-11-17,2020-11-17
male,13616,260.0,2020-11-17,2020-11-17
female,15270,234.0,2020-11-16,2020-11-16
male,13499,260.0,2020-11-16,2020-11-16
female,14957,231.0,2020-11-13,2020-11-13
male,13176,257.0,2020-11-13,2020-11-13
female,14857,230.0,2020-11-12,2020-11-12
male,13085,257.0,2020-11-12,2020-11-12
female,14791,230.0,2020-11-11,2020-11-11
male,13008,257.0,2020-11-11,2020-11-11
female,14713,230.0,2020-11-10,2020-11-10
male,12940,255.0,2020-11-10,2020-11-10
female,14669,228.0,2020-11-09,2020-11-09
male,12884,252.0,2020-11-09,2020-11-09
female,14600,226.0,2020-11-08,2020-11-08
male,12827,252.0,2020-11-08,2020-11-08
female,14494,225.0,2020-11-06,2020-11-06
male,12701,251.0,2020-11-06,2020-11-06
female,14494,225.0,2020-11-06,2020-11-06
male,12701,251.0,2020-11-06,2020-11-06
female,14423,225.0,2020-11-05,2020-11-05
male,12627,250.0,2020-11-05,2020-11-05
female,14361,225.0,2020-11-04,2020-11-04
male,12564,249.0,2020-11-04,2020-11-04
female,14304,223.0,2020-11-03,2020-11-03
male,12503,249.0,2020-11-03,2020-11-03
female,14272,219.0,2020-11-02,2020-11-02
male,12460,249.0,2020-11-02,2020-11-02
female,14159,216.0,2020-10-31,2020-10-31
male,12352,248.0,2020-10-31,2020-10-31
female,14096,215.0,2020-10-30,2020-10-30
male,12289,248.0,2020-10-30,2020-10-30
female,14036,215.0,2020-10-29,2020-10-29
male,12235,247.0,2020-10-29,2020-10-29
female,13979,214.0,2020-10-28,2020-10-28
male,12167,247.0,2020-10-28,2020-10-28
female,13922,214.0,2020-10-27,2020-10-27
male,12121,246.0,2020-10-27,2020-10-27
female,13875,213.0,2020-10-26,2020-10-26
male,12080,244.0,2020-10-26,2020-10-26
female,13807,213.0,2020-10-25,2020-10-25
male,12029,244.0,2020-10-25,2020-10-25
female,13772,213.0,2020-10-24,2020-10-24
male,12003,244.0,2020-10-24,2020-10-24
female,13736,213.0,2020-10-23,2020-10-23
male,11962,242.0,2020-10-23,2020-10-23
female,13654,212.0,2020-10-22,2020-10-22
male,11889,241.0,2020-10-22,2020-10-22
female,13594,210.0,2020-10-21,2020-10-21
male,11830,240.0,2020-10-21,2020-10-21
female,13550,210.0,2020-10-20,2020-10-20
male,11783,237.0,2020-10-20,2020-10-20
female,13530,209.0,2020-10-19,2020-10-19
male,11745,235.0,2020-10-19,2020-10-19
female,13488,209.0,2020-10-18,2020-10-18
male,11711,235.0,2020-10-18,2020-10-18
female,13399,207.0,2020-10-16,2020-10-16
male,11636,234.0,2020-10-16,2020-10-16
female,13373,206.0,2020-10-15,2020-10-15
male,11615,233.0,2020-10-15,2020-10-15
female,13295,205.0,2020-10-14,2020-10-14
male,11594,233.0,2020-10-14,2020-10-14
female,13262,202.0,2020-10-13,2020-10-13
male,11543,232.0,2020-10-13,2020-10-13
female,13183,201.0,2020-10-11,2020-10-11
male,11423,231.0,2020-10-11,2020-10-11
female,13159,200.0,2020-10-10,2020-10-10
male,11389,230.0,2020-10-10,2020-10-10
female,13071,198.0,2020-10-07,2020-10-07
male,11282,227.0,2020-10-07,2020-10-07
female,13010,196.0,2020-10-06,2020-10-06
male,11229,226.0,2020-10-06,2020-10-06
female,12985,196.0,2020-10-05,2020-10-05
male,11179,226.0,2020-10-05,2020-10-05
female,12959,196.0,2020-10-04,2020-10-04
male,11132,225.0,2020-10-04,2020-10-04
female,12935,196.0,2020-10-03,2020-10-03
male,11092,224.0,2020-10-03,2020-10-03
female,12907,196.0,2020-10-02,2020-10-02
male,11045,220.0,2020-10-02,2020-10-02
female,12882,196.0,2020-10-01,2020-10-01
male,11007,219.0,2020-10-01,2020-10-01
female,12848,196.0,2020-09-30,2020-09-30
male,10964,217.0,2020-09-30,2020-09-30
female,12812,191.0,2020-09-29,2020-09-29
male,10887,216.0,2020-09-29,2020-09-29
female,12801,190.0,2020-09-28,2020-09-28
male,10860,216.0,2020-09-28,2020-09-28
female,12777,188.0,2020-09-27,2020-09-27
male,10834,213.0,2020-09-27,2020-09-27
female,12724,188.0,2020-09-26,2020-09-26
male,10792,211.0,2020-09-26,2020-09-26
female,12688,187.0,2020-09-25,2020-09-25
male,10767,208.0,2020-09-25,2020-09-25
female,12628,186.0,2020-09-24,2020-09-24
male,10713,207.0,2020-09-24,2020-09-24
female,12568,185.0,2020-09-23,2020-09-23
male,10648,203.0,2020-09-23,2020-09-23
female,12517,185.0,2020-09-22,2020-09-22
male,10589,203.0,2020-09-22,2020-09-22
female,12493,183.0,2020-09-21,2020-09-21
male,10552,202.0,2020-09-21,2020-09-21
female,12425,179.0,2020-09-20,2020-09-20
male,10468,199.0,2020-09-20,2020-09-20
female,12425,179.0,2020-09-19,2020-09-19
male,10468,199.0,2020-09-19,2020-09-19
female,12360,179.0,2020-09-18,2020-09-18
male,10423,198.0,2020-09-18,2020-09-18
female,12212,175.0,2020-09-16,2020-09-16
male,10292,192.0,2020-09-16,2020-09-16
female,12166,175.0,2020-09-15,2020-09-15
male,10225,192.0,2020-09-15,2020-09-15
female,12108,173.0,2020-09-14,2020-09-14
male,10177,190.0,2020-09-14,2020-09-14
female,11992,169.0,2020-09-12,2020-09-12
male,10063,186.0,2020-09-12,2020-09-12
female,11937,165.0,2020-09-11,2020-09-11
male,9982,185.0,2020-09-11,2020-09-11
female,11838,163.0,2020-09-10,2020-09-10
male,9905,183.0,2020-09-10,2020-09-10
female,11759,162.0,2020-09-09,2020-09-09
male,9829,182.0,2020-09-09,2020-09-09
female,11679,160.0,2020-09-08,2020-09-08
male,9753,181.0,2020-09-08,2020-09-08
female,11616,158.0,2020-09-07,2020-09-07
male,9680,178.0,2020-09-07,2020-09-07
female,11563,158.0,2020-09-06,2020-09-06
male,9614,176.0,2020-09-06,2020-09-06
female,11475,157.0,2020-09-05,2020-09-05
male,9535,176.0,2020-09-05,2020-09-05
female,11389,156.0,2020-09-04,2020-09-04
male,9453,175.0,2020-09-04,2020-09-04
female,11285,155.0,2020-09-03,2020-09-03
male,9359,174.0,2020-09-03,2020-09-03
female,11177,153.0,2020-09-02,2020-09-02
male,9272,173.0,2020-09-02,2020-09-02
female,11043,152.0,2020-09-01,2020-09-01
male,9139,172.0,2020-09-01,2020-09-01
female,10922,152.0,2020-08-31,2020-08-31
male,9025,172.0,2020-08-31,2020-08-31
female,10788,151.0,2020-08-30,2020-08-30
male,8911,172.0,2020-08-30,2020-08-30
female,10643,151.0,2020-08-29,2020-08-29
male,8757,170.0,2020-08-29,2020-08-29
female,10461,149.0,2020-08-28,2020-08-28
male,8616,167.0,2020-08-28,2020-08-28
female,10265,148.0,2020-08-27,2020-08-27
male,8441,165.0,2020-08-27,2020-08-27
female,10031,147.0,2020-08-26,2020-08-26
male,8234,165.0,2020-08-26,2020-08-26
female,9856,146.0,2020-08-25,2020-08-25
male,8089,164.0,2020-08-25,2020-08-25
female,9713,146.0,2020-08-24,2020-08-24
male,7952,163.0,2020-08-24,2020-08-24
female,9565,146.0,2020-08-23,2020-08-23
male,7834,163.0,2020-08-23,2020-08-23
female,9325,146.0,2020-08-22,2020-08-22
male,7677,163.0,2020-08-22,2020-08-22
female,9138,146.0,2020-08-21,2020-08-21
male,7532,163.0,2020-08-21,2020-08-21
female,8962,144.0,2020-08-20,2020-08-20
male,7384,163.0,2020-08-20,2020-08-20
female,8807,143.0,2020-08-19,2020-08-19
male,7251,163.0,2020-08-19,2020-08-19
female,8619,143.0,2020-08-18,2020-08-18
male,7142,163.0,2020-08-18,2020-08-18
female,8463,143.0,2020-08-17,2020-08-17
male,7052,162.0,2020-08-17,2020-08-17
female,8341,143.0,2020-08-16,2020-08-16
male,6977,162.0,2020-08-16,2020-08-16
female,8164,143.0,2020-08-15,2020-08-15
male,6875,162.0,2020-08-15,2020-08-15
female,8068,143.0,2020-08-14,2020-08-14
male,6805,162.0,2020-08-14,2020-08-14
female,8016,143.0,2020-08-13,2020-08-13
male,6754,162.0,2020-08-13,2020-08-13
female,7991,143.0,2020-08-12,2020-08-12
male,6723,162.0,2020-08-12,2020-08-12
female,7971,143.0,2020-08-11,2020-08-11
male,6689,162.0,2020-08-11,2020-08-11
female,7957,143.0,2020-08-10,2020-08-10
male,6669,162.0,2020-08-10,2020-08-10
female,7943,143.0,2020-08-09,2020-08-09
male,6655,162.0,2020-08-09,2020-08-09
female,7924,143.0,2020-08-08,2020-08-08
male,6638,161.0,2020-08-08,2020-08-08
female,7904,143.0,2020-08-07,2020-08-07
male,6615,160.0,2020-08-07,2020-08-07
female,7897,142.0,2020-08-06,2020-08-06
male,6602,160.0,2020-08-06,2020-08-06
female,7888,142.0,2020-08-05,2020-08-05
male,6568,160.0,2020-08-05,2020-08-05
female,7878,141.0,2020-08-04,2020-08-04
male,6545,160.0,2020-08-04,2020-08-04
female,7867,141.0,2020-08-03,2020-08-03
male,6522,160.0,2020-08-03,2020-08-03
female,7859,94.0,2020-08-02,2020-08-02
male,6507,106.0,2020-08-02,2020-08-02
female,7850,141.0,2020-08-01,2020-08-01
male,6486,160.0,2020-08-01,2020-08-01
female,7842,141.0,2020-07-31,2020-07-31
male,6463,160.0,2020-07-31,2020-07-31
female,7830,141.0,2020-07-30,2020-07-30
male,6439,159.0,2020-07-30,2020-07-30
female,7825,141.0,2020-07-29,2020-07-29
male,6426,159.0,2020-07-29,2020-07-29
female,7809,141.0,2020-07-28,2020-07-28
male,6394,159.0,2020-07-28,2020-07-28
female,7803,141.0,2020-07-27,2020-07-27
male,6372,158.0,2020-07-27,2020-07-27
female,7790,140.0,2020-07-26,2020-07-26
male,6360,158.0,2020-07-26,2020-07-26
female,7781,140.0,2020-07-25,2020-07-25
male,6311,158.0,2020-07-25,2020-07-25
female,7764,140.0,2020-07-24,2020-07-24
male,6215,158.0,2020-07-24,2020-07-24
female,7746,140.0,2020-07-23,2020-07-23
male,6192,157.0,2020-07-23,2020-07-23
female,7726,140.0,2020-07-22,2020-07-22
male,6153,157.0,2020-07-22,2020-07-22
female,7702,140.0,2020-07-21,2020-07-21
male,6114,156.0,2020-07-21,2020-07-21
female,7682,140.0,2020-07-20,2020-07-20
male,6089,156.0,2020-07-20,2020-07-20
female,7675,140.0,2020-07-19,2020-07-19
male,6070,155.0,2020-07-19,2020-07-19
female,7662,139.0,2020-07-18,2020-07-18
male,6049,155.0,2020-07-18,2020-07-18
female,7646,139.0,2020-07-17,2020-07-17
male,6026,154.0,2020-07-17,2020-07-17
female,7601,137.0,2020-07-16,2020-07-16
male,5911,154.0,2020-07-16,2020-07-16
female,7607,136.0,2020-07-15,2020-07-15
male,5944,153.0,2020-07-15,2020-07-15
female,7601,136.0,2020-07-14,2020-07-14
male,5911,153.0,2020-07-14,2020-07-14
female,7584,136.0,2020-07-13,2020-07-13
male,5895,153.0,2020-07-13,2020-07-13
female,7561,136.0,2020-07-12,2020-07-12
male,5856,153.0,2020-07-12,2020-07-12
female,7549,135.0,2020-07-11,2020-07-11
male,5824,153.0,2020-07-11,2020-07-11
female,7536,135.0,2020-07-10,2020-07-10
male,5802,153.0,2020-07-10,2020-07-10
female,7527,134.0,2020-07-09,2020-07-09
male,5766,153.0,2020-07-09,2020-07-09
female,7506,133.0,2020-07-08,2020-07-08
male,5738,152.0,2020-07-08,2020-07-08
female,7478,133.0,2020-07-07,2020-07-07
male,5703,152.0,2020-07-07,2020-07-07
female,7455,133.0,2020-07-06,2020-07-06
male,5682,151.0,2020-07-06,2020-07-06
female,7434,132.0,2020-07-05,2020-07-05
male,5657,151.0,2020-07-05,2020-07-05
female,7405,132.0,2020-07-04,2020-07-04
male,5625,151.0,2020-07-04,2020-07-04
female,7380,131.0,2020-07-03,2020-07-03
male,5587,151.0,2020-07-03,2020-07-03
female,7349,131.0,2020-07-02,2020-07-02
male,5555,151.0,2020-07-02,2020-07-02
female,7305,131.0,2020-07-01,2020-07-01
male,5495,151.0,2020-07-01,2020-07-01
female,7305,131.0,2020-06-30,2020-06-30
male,5495,151.0,2020-06-30,2020-06-30
female,7287,131.0,2020-06-29,2020-06-29
male,5470,151.0,2020-06-29,2020-06-29
female,7265,131.0,2020-06-28,2020-06-28
male,5450,151.0,2020-06-28,2020-06-28
female,7241,131.0,2020-06-27,2020-06-27
male,5412,151.0,2020-06-27,2020-06-27
female,7218,131.0,2020-06-26,2020-06-26
male,5384,151.0,2020-06-26,2020-06-26
female,7203,131.0,2020-06-25,2020-06-25
male,5360,151.0,2020-06-25,2020-06-25
female,7190,131.0,2020-06-24,2020-06-24
male,5345,150.0,2020-06-24,2020-06-24
female,7170,151.0,2020-06-23,2020-06-23
male,5314,150.0,2020-06-23,2020-06-23
female,7159,130.0,2020-06-22,2020-06-22
male,5279,150.0,2020-06-22,2020-06-22
female,7151,130.0,2020-06-21,2020-06-21
male,5270,150.0,2020-06-21,2020-06-21
female,7128,130.0,2020-06-20,2020-06-20
male,5245,150.0,2020-06-20,2020-06-20
female,7100,130.0,2020-06-19,2020-06-19
male,5206,150.0,2020-06-19,2020-06-19
female,7076,130.0,2020-06-18,2020-06-18
male,5181,150.0,2020-06-18,2020-06-18
female,7042,130.0,2020-06-17,2020-06-17
male,5156,149.0,2020-06-17,2020-06-17
female,7017,130.0,2020-06-16,2020-06-16
male,5138,148.0,2020-06-16,2020-06-16
female,6988,130.0,2020-06-14,2020-06-14
male,5097,147.0,2020-06-14,2020-06-14
female,6970,130.0,2020-06-13,2020-06-13
male,5081,147.0,2020-06-13,2020-06-13
female,6917,129.0,2020-06-12,2020-06-12
male,5030,147.0,2020-06-12,2020-06-12
female,6917,129.0,2020-06-11,2020-06-11
male,5030,147.0,2020-06-11,2020-06-11
female,6900,129.0,2020-06-10,2020-06-10
male,5002,147.0,2020-06-10,2020-06-10
female,6872,128.0,2020-06-09,2020-06-09
male,4980,146.0,2020-06-09,2020-06-09
female,6852,128.0,2020-06-08,2020-06-08
male,4962,145.0,2020-06-08,2020-06-08
female,6826,128.0,2020-06-07,2020-06-07
male,4950,145.0,2020-06-07,2020-06-07
female,6799,128.0,2020-06-06,2020-06-06
male,4920,145.0,2020-06-06,2020-06-06
female,6775,128.0,2020-06-05,2020-06-05
male,4893,145.0,2020-06-05,2020-06-05
female,6757,128.0,2020-06-04,2020-06-04
male,4872,145.0,2020-06-04,2020-06-04
female,6738,128.0,2020-06-03,2020-06-03
male,4852,145.0,2020-06-03,2020-06-03
female,6712,128.0,2020-06-02,2020-06-02
male,4829,144.0,2020-06-02,2020-06-02
female,6673,127.0,2020-05-31,2020-05-31
male,4795,143.0,2020-05-31,2020-05-31
female,6661,127.0,2020-05-30,2020-05-30
male,4780,142.0,2020-05-30,2020-05-30
female,6643,127.0,2020-05-29,2020-05-29
male,4759,142.0,2020-05-29,2020-05-29
female,6617,127.0,2020-05-28,2020-05-28
male,4727,142.0,2020-05-28,2020-05-28
female,6585,127.0,2020-05-27,2020-05-27
male,4680,142.0,2020-05-27,2020-05-27
female,6561,127.0,2020-05-26,2020-05-26
male,4664,142.0,2020-05-26,2020-05-26
female,6555,126.0,2020-05-25,2020-05-25
male,4651,141.0,2020-05-25,2020-05-25
female,6547,126.0,2020-05-24,2020-05-24
male,4643,140.0,2020-05-24,2020-05-24
female,6537,126.0,2020-05-23,2020-05-23
male,4628,140.0,2020-05-23,2020-05-23
female,6521,126.0,2020-05-21,2020-05-21
male,4601,138.0,2020-05-21,2020-05-21
female,6518,126.0,2020-05-20,2020-05-20
male,4592,137.0,2020-05-20,2020-05-20
female,6509,126.0,2020-05-19,2020-05-19
male,4569,137.0,2020-05-19,2020-05-19
female,6505,126.0,2020-05-18,2020-05-18
male,4560,137.0,2020-05-18,2020-05-18
female,6501,126.0,2020-05-17,2020-05-17
male,4549,136.0,2020-05-17,2020-05-17
female,6493,126.0,2020-05-16,2020-05-16
male,4544,136.0,2020-05-16,2020-05-16
female,6486,125.0,2020-05-15,2020-05-15
male,4532,135.0,2020-05-15,2020-05-15
female,6475,125.0,2020-05-14,2020-05-14
male,4516,135.0,2020-05-14,2020-05-14
female,6463,125.0,2020-05-13,2020-05-13
male,4499,134.0,2020-05-13,2020-05-13
female,6455,125.0,2020-05-12,2020-05-12
male,4481,133.0,2020-05-12,2020-05-12
female,6448,123.0,2020-05-11,2020-05-11
male,4461,133.0,2020-05-11,2020-05-11
female,6444,123.0,2020-05-10,2020-05-10
male,4430,133.0,2020-05-10,2020-05-10
female,6434,123.0,2020-05-09,2020-05-09
male,4406,133.0,2020-05-09,2020-05-09
female,6433,123.0,2020-05-08,2020-05-08
male,4389,133.0,2020-05-08,2020-05-08
female,6428,123.0,2020-05-07,2020-05-07
male,4382,133.0,2020-05-07,2020-05-07
female,6427,123.0,2020-05-06,2020-05-06
male,4379,132.0,2020-05-06,2020-05-06
female,6427,123.0,2020-05-05,2020-05-05
male,4377,131.0,2020-05-05,2020-05-05
female,6426,121.0,2020-05-04,2020-05-04
male,4375,131.0,2020-05-04,2020-05-04
female,6424,120.0,2020-05-03,2020-05-03
male,4369,130.0,2020-05-03,2020-05-03
female,6418,120.0,2020-05-02,2020-05-02
male,4362,130.0,2020-05-02,2020-05-02
female,6418,118.0,2020-05-01,2020-05-01
male,4356,130.0,2020-05-01,2020-05-01
female,6413,117.0,2020-04-30,2020-04-30
male,4352,130.0,2020-04-30,2020-04-30
female,6413,117.0,2020-04-29,2020-04-29
male,4348,129.0,2020-04-29,2020-04-29
female,6408,116.0,2020-04-28,2020-04-28
male,4344,128.0,2020-04-28,2020-04-28
female,6401,116.0,2020-04-27,2020-04-27
male,4337,127.0,2020-04-27,2020-04-27
female,6395,115.0,2020-04-26,2020-04-26
male,4333,127.0,2020-04-26,2020-04-26
female,6391,113.0,2020-04-25,2020-04-25
male,4327,127.0,2020-04-25,2020-04-25
female,6385,113.0,2020-04-24,2020-04-24
male,4323,127.0,2020-04-24,2020-04-24
female,6384,113.0,2020-04-23,2020-04-23
male,4318,127.0,2020-04-23,2020-04-23
female,6380,112.0,2020-04-22,2020-04-22
male,4314,126.0,2020-04-22,2020-04-22
female,6375,112.0,2020-04-21,2020-04-21
male,4308,125.0,2020-04-21,2020-04-21
female,6372,111.0,2020-04-20,2020-04-20
male,4302,125.0,2020-04-20,2020-04-20
female,6364,110.0,2020-04-19,2020-04-19
male,4297,124.0,2020-04-19,2020-04-19
female,6364,110.0,2020-04-19,2020-04-19
male,4297,124.0,2020-04-19,2020-04-19
female,6360,108.0,2020-04-18,2020-04-18
male,4293,124.0,2020-04-18,2020-04-18
female,6349,108.0,2020-04-17,2020-04-17
male,4286,122.0,2020-04-17,2020-04-17
female,6341,107.0,2020-04-16,2020-04-16
male,4272,122.0,2020-04-16,2020-04-16
female,6341,107.0,2020-04-16,2020-04-16
male,4272,122.0,2020-04-16,2020-04-16
female,6325,107.0,2020-04-15,2020-04-15
male,4266,118.0,2020-04-15,2020-04-15
female,6308,106.0,2020-04-14,2020-04-14
male,4256,116.0,2020-04-14,2020-04-14
female,6294,102.0,2020-04-13,2020-04-13
male,4243,115.0,2020-04-13,2020-04-13
female,6283,101.0,2020-04-12,2020-04-12
male,4229,113.0,2020-04-12,2020-04-12
female,6265,100.0,2020-04-11,2020-04-11
male,4215,111.0,2020-04-11,2020-04-11
female,6250,99.0,2020-04-10,2020-04-10
male,4200,109.0,2020-04-10,2020-04-10
female,6238,97.0,2020-04-09,2020-04-09
male,4185,107.0,2020-04-09,2020-04-09
female,6221,94.0,2020-04-08,2020-04-08
male,4163,106.0,2020-04-08,2020-04-08
female,6221,94.0,2020-04-08,2020-04-08
male,4163,106.0,2020-04-08,2020-04-08
female,6221,94.0,2020-04-08,2020-04-08
male,4163,106.0,2020-04-08,2020-04-08
female,6221,94.0,2020-04-08,2020-04-08
male,4163,106.0,2020-04-08,2020-04-08
female,6221,94.0,2020-04-08,2020-04-08
male,4163,106.0,2020-04-08,2020-04-08
female,6193,91.0,2020-04-07,2020-04-07
male,4138,101.0,2020-04-07,2020-04-07
female,5881,80.0,2020-04-02,2020-04-02
male,3905,82.0,2020-04-02,2020-04-02
